dataset,method,model_family,checkpoint,sample_id,frame,main_evaluation_mask,valid_px,disparity_mae_px,disparity_rmse_px,bad_1px_percent,bad_2px_percent,bad_3px_percent,bad_5px_percent,depth_mae_mm,depth_rmse_mm,bad_1mm_percent,bad_2mm_percent,bad_4mm_percent,bad_5mm_percent,evidence_source
SERV-CT honest_test,S2M2-S all-surgical finetuned,S2M2,S all-surgical checkpoint,Experiment_2_009,9,SERV-CT valid mask; legacy metrics may also exclude invalid model predictions,414720,1.1206059455871582,4.36773681640625,15.920138888888888,3.679591049382716,,2.138792438271605,1.2858928442001345,3.624321222305298,24.85894097222222,11.030092592592592,,3.37938850308642,/home/pampaj/Desktop/stereo/s2m2/output_servct_eval_s2m2_S_all_surgical_checkpoint/metrics.csv
SERV-CT honest_test,S2M2-S all-surgical finetuned,S2M2,S all-surgical checkpoint,Experiment_2_010,10,SERV-CT valid mask; legacy metrics may also exclude invalid model predictions,414720,0.7989510893821716,1.9381630420684812,20.381462191358025,6.511381172839506,,0.953414351851852,1.105769157409668,2.5984156131744385,33.657407407407405,10.05642361111111,,2.1047935956790123,/home/pampaj/Desktop/stereo/s2m2/output_servct_eval_s2m2_S_all_surgical_checkpoint/metrics.csv
SERV-CT honest_test,S2M2-S all-surgical finetuned,S2M2,S all-surgical checkpoint,Experiment_2_011,11,SERV-CT valid mask; legacy metrics may also exclude invalid model predictions,414720,0.7300933003425598,1.4258008003234863,14.170765817901234,4.728973765432098,,1.9581886574074072,0.9778047800064088,1.5679686069488523,31.396846064814817,9.718605324074074,,2.1026234567901234,/home/pampaj/Desktop/stereo/s2m2/output_servct_eval_s2m2_S_all_surgical_checkpoint/metrics.csv
SERV-CT honest_test,S2M2-S all-surgical finetuned,S2M2,S all-surgical checkpoint,Experiment_2_012,12,SERV-CT valid mask; legacy metrics may also exclude invalid model predictions,414720,0.5189402103424072,0.6841009855270386,11.310281635802468,1.2567515432098766,,0.0,0.7487316727638245,0.95246821641922,28.964843750000004,3.254002700617284,,0.0062692901234567,/home/pampaj/Desktop/stereo/s2m2/output_servct_eval_s2m2_S_all_surgical_checkpoint/metrics.csv
SERV-CT honest_test,S2M2-S all-surgical finetuned,S2M2,S all-surgical checkpoint,Experiment_2_013,13,SERV-CT valid mask; legacy metrics may also exclude invalid model predictions,414720,0.8824859261512756,1.2041813135147097,34.976851851851855,7.83227237654321,,0.2659625771604939,0.723171591758728,1.0954022407531738,19.39621913580247,5.726996527777778,,0.3308256172839506,/home/pampaj/Desktop/stereo/s2m2/output_servct_eval_s2m2_S_all_surgical_checkpoint/metrics.csv
SERV-CT honest_test,S2M2-S all-surgical finetuned,S2M2,S all-surgical checkpoint,Experiment_2_014,14,SERV-CT valid mask; legacy metrics may also exclude invalid model predictions,414720,1.2256476879119873,2.2487118244171143,30.99223572530864,12.607060185185183,,4.733555169753086,1.007524847984314,2.675342798233032,15.348910108024691,9.715711805555555,,5.535059799382716,/home/pampaj/Desktop/stereo/s2m2/output_servct_eval_s2m2_S_all_surgical_checkpoint/metrics.csv
SERV-CT honest_test,S2M2-S all-surgical finetuned,S2M2,S all-surgical checkpoint,Experiment_2_015,15,SERV-CT valid mask; legacy metrics may also exclude invalid model predictions,414720,0.6202044486999512,1.040971755981445,14.74778163580247,4.272038966049382,,0.5111882716049383,1.0898350477218628,1.6181939840316772,39.45722415123456,15.453559027777777,,1.085551697530864,/home/pampaj/Desktop/stereo/s2m2/output_servct_eval_s2m2_S_all_surgical_checkpoint/metrics.csv
SERV-CT honest_test,S2M2-S all-surgical finetuned,S2M2,S all-surgical checkpoint,Experiment_2_016,16,SERV-CT valid mask; legacy metrics may also exclude invalid model predictions,414720,1.1022114753723145,1.734151005744934,40.73688271604938,11.968798225308642,,2.7346161265432096,0.6312234997749329,1.2205511331558228,13.700810185185189,4.719569830246914,,1.3712866512345678,/home/pampaj/Desktop/stereo/s2m2/output_servct_eval_s2m2_S_all_surgical_checkpoint/metrics.csv
SERV-CT honest_test,S2M2-S honest finetuned,S2M2,S honest holdout checkpoint,Experiment_2_009,9,SERV-CT valid mask; legacy metrics may also exclude invalid model predictions,414720,1.2787977457046509,4.303233623504639,24.4092399691358,8.61545138888889,,2.12987075617284,1.6317691802978516,3.731890201568604,32.73582175925926,17.427662037037038,,8.247010030864198,/home/pampaj/Desktop/stereo/s2m2/output_servct_finetune_honest_S/eval/metrics.csv
SERV-CT honest_test,S2M2-S honest finetuned,S2M2,S honest holdout checkpoint,Experiment_2_010,10,SERV-CT valid mask; legacy metrics may also exclude invalid model predictions,414720,1.0179978609085083,2.0334768295288086,34.31303047839506,6.512827932098765,,2.2142650462962963,1.4106165170669556,2.64609956741333,50.0853587962963,16.126060956790123,,3.388551311728395,/home/pampaj/Desktop/stereo/s2m2/output_servct_finetune_honest_S/eval/metrics.csv
SERV-CT honest_test,S2M2-S honest finetuned,S2M2,S honest holdout checkpoint,Experiment_2_011,11,SERV-CT valid mask; legacy metrics may also exclude invalid model predictions,414720,0.7353166937828064,1.4608047008514404,17.015576774691358,4.869791666666667,,2.2335551697530867,0.9953582882881165,1.6189820766448977,32.6024787808642,10.74025848765432,,2.404755015432099,/home/pampaj/Desktop/stereo/s2m2/output_servct_finetune_honest_S/eval/metrics.csv
SERV-CT honest_test,S2M2-S honest finetuned,S2M2,S honest holdout checkpoint,Experiment_2_012,12,SERV-CT valid mask; legacy metrics may also exclude invalid model predictions,414720,0.6635934114456177,0.9272032976150512,19.35378086419753,5.500096450617284,,0.0,0.9699033498764038,1.3848743438720703,35.120804398148145,9.987943672839506,,1.271942515432099,/home/pampaj/Desktop/stereo/s2m2/output_servct_finetune_honest_S/eval/metrics.csv
SERV-CT honest_test,S2M2-S honest finetuned,S2M2,S honest holdout checkpoint,Experiment_2_013,13,SERV-CT valid mask; legacy metrics may also exclude invalid model predictions,414720,1.306623458862305,1.651342511177063,55.17023533950617,19.794801311728392,,0.5164930555555556,1.0585932731628418,1.4430062770843506,38.99522569444444,10.02097800925926,,0.8822820216049384,/home/pampaj/Desktop/stereo/s2m2/output_servct_finetune_honest_S/eval/metrics.csv
SERV-CT honest_test,S2M2-S honest finetuned,S2M2,S honest holdout checkpoint,Experiment_2_014,14,SERV-CT valid mask; legacy metrics may also exclude invalid model predictions,414720,3.192929983139038,6.2599053382873535,61.50221836419754,32.034625771604944,,13.147665895061728,2.328865766525269,5.609762668609619,26.34355709876543,16.352719907407405,,10.74291087962963,/home/pampaj/Desktop/stereo/s2m2/output_servct_finetune_honest_S/eval/metrics.csv
SERV-CT honest_test,S2M2-S honest finetuned,S2M2,S honest holdout checkpoint,Experiment_2_015,15,SERV-CT valid mask; legacy metrics may also exclude invalid model predictions,414720,0.9515221118927002,1.7175168991088867,28.37504822530864,7.444540895061729,,2.498553240740741,1.4750627279281616,2.162043333053589,49.73668981481482,24.39742476851852,,3.4833140432098766,/home/pampaj/Desktop/stereo/s2m2/output_servct_finetune_honest_S/eval/metrics.csv
SERV-CT honest_test,S2M2-S honest finetuned,S2M2,S honest holdout checkpoint,Experiment_2_016,16,SERV-CT valid mask; legacy metrics may also exclude invalid model predictions,414720,1.8692518472671509,3.2515885829925537,59.243344907407405,27.32421875,,5.564236111111111,1.0719239711761477,2.2858262062072754,25.76557677469136,10.420524691358024,,2.808641975308642,/home/pampaj/Desktop/stereo/s2m2/output_servct_finetune_honest_S/eval/metrics.csv
SERV-CT honest_test,S2M2-S pretrained,S2M2,S pretrained,Experiment_2_009,9,SERV-CT valid mask; legacy metrics may also exclude invalid model predictions,414720,1.864275336265564,4.501965999603272,39.46132330246914,22.00086805555556,,6.998697916666667,2.8349392414093018,5.415515899658203,47.2632137345679,32.12311921296296,,14.855082947530866,/home/pampaj/Desktop/stereo/s2m2/output_servct_eval_s2m2_S/metrics.csv
SERV-CT honest_test,S2M2-S pretrained,S2M2,S pretrained,Experiment_2_010,10,SERV-CT valid mask; legacy metrics may also exclude invalid model predictions,414720,1.37763249874115,2.83086895942688,38.633053626543216,19.450713734567906,,2.2610435956790123,2.070219755172729,3.78959321975708,51.14776234567901,29.440586419753085,,9.719328703703704,/home/pampaj/Desktop/stereo/s2m2/output_servct_eval_s2m2_S/metrics.csv
SERV-CT honest_test,S2M2-S pretrained,S2M2,S pretrained,Experiment_2_011,11,SERV-CT valid mask; legacy metrics may also exclude invalid model predictions,414720,1.04228413105011,1.7512518167495728,38.0174575617284,9.626253858024691,,2.2079957561728394,1.502386212348938,2.2440052032470703,47.49469521604938,24.95659722222222,,4.312307098765432,/home/pampaj/Desktop/stereo/s2m2/output_servct_eval_s2m2_S/metrics.csv
SERV-CT honest_test,S2M2-S pretrained,S2M2,S pretrained,Experiment_2_012,12,SERV-CT valid mask; legacy metrics may also exclude invalid model predictions,414720,1.091607928276062,2.765815496444702,31.414207175925924,7.124807098765432,,1.7744502314814816,1.630606174468994,3.508678674697876,44.15822723765432,24.486159336419757,,3.1025752314814814,/home/pampaj/Desktop/stereo/s2m2/output_servct_eval_s2m2_S/metrics.csv
SERV-CT honest_test,S2M2-S pretrained,S2M2,S pretrained,Experiment_2_013,13,SERV-CT valid mask; legacy metrics may also exclude invalid model predictions,414720,1.0291153192520142,1.5431369543075562,36.08024691358025,15.727961033950615,,0.8610628858024691,0.931044578552246,1.5173771381378174,28.56360918209877,14.94285300925926,,1.3081114969135803,/home/pampaj/Desktop/stereo/s2m2/output_servct_eval_s2m2_S/metrics.csv
SERV-CT honest_test,S2M2-S pretrained,S2M2,S pretrained,Experiment_2_014,14,SERV-CT valid mask; legacy metrics may also exclude invalid model predictions,414720,2.3530609607696533,5.487926006317139,26.98543595679012,16.732976466049383,,11.412037037037038,1.920328378677368,5.122049331665039,17.73654513888889,14.132667824074074,,9.880160108024691,/home/pampaj/Desktop/stereo/s2m2/output_servct_eval_s2m2_S/metrics.csv
SERV-CT honest_test,S2M2-S pretrained,S2M2,S pretrained,Experiment_2_015,15,SERV-CT valid mask; legacy metrics may also exclude invalid model predictions,414720,1.3642704486846924,4.29006814956665,32.027633101851855,6.627121913580247,,2.157118055555556,2.2741811275482178,4.853271961212158,55.20953896604939,34.59418402777778,,7.406684027777779,/home/pampaj/Desktop/stereo/s2m2/output_servct_eval_s2m2_S/metrics.csv
SERV-CT honest_test,S2M2-S pretrained,S2M2,S pretrained,Experiment_2_016,16,SERV-CT valid mask; legacy metrics may also exclude invalid model predictions,414720,1.5699152946472168,3.3815629482269287,37.059702932098766,16.989776234567902,,6.7527488425925934,0.9468143582344056,2.4199137687683105,16.908757716049383,9.775270061728394,,3.612075617283951,/home/pampaj/Desktop/stereo/s2m2/output_servct_eval_s2m2_S/metrics.csv
SERV-CT honest_test,S2M2-M pretrained,S2M2,M pretrained,Experiment_2_009,9,SERV-CT valid mask; legacy metrics may also exclude invalid model predictions,414720,1.5087748765945437,4.436529636383057,31.50824652777778,16.32981288580247,,2.443576388888889,2.003105640411377,4.096080780029297,42.89761766975309,27.456114969135804,,9.290364583333334,/home/pampaj/Desktop/stereo/s2m2/output_servct_eval_s2m2_M/metrics.csv
SERV-CT honest_test,S2M2-M pretrained,S2M2,M pretrained,Experiment_2_010,10,SERV-CT valid mask; legacy metrics may also exclude invalid model predictions,414720,1.8083499670028689,2.9345359802246094,50.2293113425926,32.30275848765432,,5.183979552469136,2.592001914978028,4.066823482513428,63.1712962962963,40.98331404320988,,14.836275077160494,/home/pampaj/Desktop/stereo/s2m2/output_servct_eval_s2m2_M/metrics.csv
SERV-CT honest_test,S2M2-M pretrained,S2M2,M pretrained,Experiment_2_011,11,SERV-CT valid mask; legacy metrics may also exclude invalid model predictions,414720,1.0377883911132812,1.8151917457580569,34.49773341049382,7.77174961419753,,2.493730709876543,1.4541597366333008,2.171257972717285,52.316743827160494,19.814573688271604,,3.206983024691358,/home/pampaj/Desktop/stereo/s2m2/output_servct_eval_s2m2_M/metrics.csv
SERV-CT honest_test,S2M2-M pretrained,S2M2,M pretrained,Experiment_2_012,12,SERV-CT valid mask; legacy metrics may also exclude invalid model predictions,414720,0.8056887984275818,1.1030133962631226,29.05840084876543,5.209538966049383,,0.345534336419753,1.15847909450531,1.4882115125656128,45.28935185185185,18.87032214506173,,0.2112268518518518,/home/pampaj/Desktop/stereo/s2m2/output_servct_eval_s2m2_M/metrics.csv
SERV-CT honest_test,S2M2-M pretrained,S2M2,M pretrained,Experiment_2_013,13,SERV-CT valid mask; legacy metrics may also exclude invalid model predictions,414720,1.3379915952682495,2.0250399112701416,41.08820408950618,23.90480324074074,,3.377218364197531,1.2053420543670654,2.040639162063598,35.61559606481482,16.396846064814817,,5.271508487654321,/home/pampaj/Desktop/stereo/s2m2/output_servct_eval_s2m2_M/metrics.csv
SERV-CT honest_test,S2M2-M pretrained,S2M2,M pretrained,Experiment_2_014,14,SERV-CT valid mask; legacy metrics may also exclude invalid model predictions,414720,2.446263074874878,5.344790935516357,37.36665702160494,22.76692708333333,,11.68065200617284,1.9468616247177124,5.002165794372559,21.54007523148148,14.926938657407408,,9.934413580246911,/home/pampaj/Desktop/stereo/s2m2/output_servct_eval_s2m2_M/metrics.csv
SERV-CT honest_test,S2M2-M pretrained,S2M2,M pretrained,Experiment_2_015,15,SERV-CT valid mask; legacy metrics may also exclude invalid model predictions,414720,0.7274418473243713,1.142079472541809,19.96262538580247,5.17578125,,0.7267554012345679,1.310923457145691,1.9638607501983645,46.242525077160494,22.043306327160494,,2.044994212962963,/home/pampaj/Desktop/stereo/s2m2/output_servct_eval_s2m2_M/metrics.csv
SERV-CT honest_test,S2M2-M pretrained,S2M2,M pretrained,Experiment_2_016,16,SERV-CT valid mask; legacy metrics may also exclude invalid model predictions,414720,1.6382999420166016,3.232427835464477,44.91488233024691,18.55975115740741,,6.704282407407407,0.975737988948822,2.3232104778289795,19.10710841049383,9.313994984567902,,3.635706018518518,/home/pampaj/Desktop/stereo/s2m2/output_servct_eval_s2m2_M/metrics.csv
SERV-CT honest_test,S2M2-L pretrained,S2M2,L pretrained,Experiment_2_009,9,SERV-CT valid mask; legacy metrics may also exclude invalid model predictions,414720,1.789994716644287,4.541056156158447,39.000289351851855,21.405044367283956,,4.489052854938272,2.680414915084839,5.261447906494141,48.97641782407408,31.919367283950617,,13.305844907407408,/home/pampaj/Desktop/stereo/s2m2/output_servct_eval_s2m2_L/metrics.csv
SERV-CT honest_test,S2M2-L pretrained,S2M2,L pretrained,Experiment_2_010,10,SERV-CT valid mask; legacy metrics may also exclude invalid model predictions,414720,1.6243034601211548,3.720096111297608,44.47579089506173,21.54128086419753,,2.224874614197531,2.448869466781616,5.117149829864502,59.49387538580246,31.32691936728395,,11.416377314814817,/home/pampaj/Desktop/stereo/s2m2/output_servct_eval_s2m2_L/metrics.csv
SERV-CT honest_test,S2M2-L pretrained,S2M2,L pretrained,Experiment_2_011,11,SERV-CT valid mask; legacy metrics may also exclude invalid model predictions,414720,1.2858318090438845,2.914806842803955,41.434702932098766,9.306278935185183,,2.546778549382716,1.8486886024475095,3.886510372161865,56.33463541666666,26.012249228395063,,3.524787808641975,/home/pampaj/Desktop/stereo/s2m2/output_servct_eval_s2m2_L/metrics.csv
SERV-CT honest_test,S2M2-L pretrained,S2M2,L pretrained,Experiment_2_012,12,SERV-CT valid mask; legacy metrics may also exclude invalid model predictions,414720,0.8747135996818542,1.8380630016326904,22.956452546296298,7.766927083333333,,1.6480999228395063,1.3107106685638428,2.3664028644561768,36.441695601851855,17.79417438271605,,3.813416280864197,/home/pampaj/Desktop/stereo/s2m2/output_servct_eval_s2m2_L/metrics.csv
SERV-CT honest_test,S2M2-L pretrained,S2M2,L pretrained,Experiment_2_013,13,SERV-CT valid mask; legacy metrics may also exclude invalid model predictions,414720,1.2379302978515625,1.7708523273468018,40.09572723765432,22.11829668209877,,1.135223765432099,1.081601858139038,1.684309959411621,33.53057484567901,15.07595486111111,,1.4313271604938271,/home/pampaj/Desktop/stereo/s2m2/output_servct_eval_s2m2_L/metrics.csv
SERV-CT honest_test,S2M2-L pretrained,S2M2,L pretrained,Experiment_2_014,14,SERV-CT valid mask; legacy metrics may also exclude invalid model predictions,414720,2.537827014923096,5.483582973480225,39.219232253086425,23.82378472222222,,11.421199845679013,1.946881651878357,5.019671440124512,21.79108796296296,15.027247299382717,,9.448543595679013,/home/pampaj/Desktop/stereo/s2m2/output_servct_eval_s2m2_L/metrics.csv
SERV-CT honest_test,S2M2-L pretrained,S2M2,L pretrained,Experiment_2_015,15,SERV-CT valid mask; legacy metrics may also exclude invalid model predictions,414720,1.189784049987793,3.539224624633789,29.052372685185183,5.834056712962963,,2.072723765432099,1.9071165323257449,3.791402816772461,51.50173611111111,29.661940586419757,,4.482301311728395,/home/pampaj/Desktop/stereo/s2m2/output_servct_eval_s2m2_L/metrics.csv
SERV-CT honest_test,S2M2-L pretrained,S2M2,L pretrained,Experiment_2_016,16,SERV-CT valid mask; legacy metrics may also exclude invalid model predictions,414720,1.475481629371643,2.878110647201538,41.572868441358025,15.982590663580243,,5.441743827160494,0.8715635538101196,2.088770866394043,15.766300154320986,8.297164351851851,,2.7623456790123457,/home/pampaj/Desktop/stereo/s2m2/output_servct_eval_s2m2_L/metrics.csv
SERV-CT honest_test,S2M2-XL pretrained,S2M2,XL pretrained,Experiment_2_009,9,SERV-CT valid mask; legacy metrics may also exclude invalid model predictions,414720,177.53970336914062,178.8026885986328,100.0,100.0,,100.0,66.29706573486328,68.47028350830078,100.0,100.0,,100.0,/home/pampaj/Desktop/stereo/s2m2/output_servct_eval_s2m2_XL/metrics.csv
SERV-CT honest_test,S2M2-XL pretrained,S2M2,XL pretrained,Experiment_2_010,10,SERV-CT valid mask; legacy metrics may also exclude invalid model predictions,414720,1.5563509464263916,2.573542356491089,56.74334490740741,26.9873649691358,,1.9526427469135803,2.392871618270874,3.971289873123169,66.57889660493828,40.4246238425926,,9.582609953703704,/home/pampaj/Desktop/stereo/s2m2/output_servct_eval_s2m2_XL/metrics.csv
SERV-CT honest_test,S2M2-XL pretrained,S2M2,XL pretrained,Experiment_2_011,11,SERV-CT valid mask; legacy metrics may also exclude invalid model predictions,414720,194.21861267089844,194.6936798095703,100.0,100.0,,100.0,66.46439361572266,67.42680358886719,100.0,100.0,,100.0,/home/pampaj/Desktop/stereo/s2m2/output_servct_eval_s2m2_XL/metrics.csv
SERV-CT honest_test,S2M2-XL pretrained,S2M2,XL pretrained,Experiment_2_012,12,SERV-CT valid mask; legacy metrics may also exclude invalid model predictions,414720,1.0387166738510132,2.505624532699585,26.497878086419757,9.741512345679013,,1.806761188271605,1.5069787502288818,3.162046432495117,39.61950231481482,17.57957175925926,,3.4951292438271606,/home/pampaj/Desktop/stereo/s2m2/output_servct_eval_s2m2_XL/metrics.csv
SERV-CT honest_test,S2M2-XL pretrained,S2M2,XL pretrained,Experiment_2_013,13,SERV-CT valid mask; legacy metrics may also exclude invalid model predictions,414720,6.491822242736816,8.644637107849121,94.7559799382716,77.43537808641975,,48.34587191358025,5.4434895515441895,7.830846786499023,83.26943479938271,66.16801697530865,,37.73967978395062,/home/pampaj/Desktop/stereo/s2m2/output_servct_eval_s2m2_XL/metrics.csv
SERV-CT honest_test,S2M2-XL pretrained,S2M2,XL pretrained,Experiment_2_014,14,SERV-CT valid mask; legacy metrics may also exclude invalid model predictions,414720,3.11910080909729,5.760075092315674,60.75858410493827,32.256462191358025,,15.243296682098764,2.220123291015625,5.1632256507873535,29.42563657407408,17.67722800925926,,9.95900848765432,/home/pampaj/Desktop/stereo/s2m2/output_servct_eval_s2m2_XL/metrics.csv
SERV-CT honest_test,S2M2-XL pretrained,S2M2,XL pretrained,Experiment_2_015,15,SERV-CT valid mask; legacy metrics may also exclude invalid model predictions,414720,0.9889426231384276,2.389227390289306,25.48562885802469,4.99927662037037,,2.056809413580247,1.612965703010559,2.752726793289185,49.20331790123457,26.062162422839503,,2.976948302469136,/home/pampaj/Desktop/stereo/s2m2/output_servct_eval_s2m2_XL/metrics.csv
SERV-CT honest_test,S2M2-XL pretrained,S2M2,XL pretrained,Experiment_2_016,16,SERV-CT valid mask; legacy metrics may also exclude invalid model predictions,414720,1.644392490386963,2.734992265701294,56.49064429012346,24.014033564814817,,4.3947723765432105,0.9431746602058412,1.9523223638534544,24.276138117283956,7.739438657407407,,2.342062114197531,/home/pampaj/Desktop/stereo/s2m2/output_servct_eval_s2m2_XL/metrics.csv
SERV-CT honest_test,Fast-FoundationStereo ONNX,Fast-FoundationStereo,ONNX foundation baseline,Experiment_2_009,9,SERV-CT valid mask; legacy metrics may also exclude invalid model predictions,235520,1.6908409595489502,4.433917999267578,43.45533288043478,19.20643682065217,,2.4282438858695654,2.1414060592651367,3.830712080001831,53.902428668478265,30.297639266304348,,8.99116847826087,/home/pampaj/Desktop/stereo/Fast-FoundationStereo/output_servct_eval/metrics.csv
SERV-CT honest_test,Fast-FoundationStereo ONNX,Fast-FoundationStereo,ONNX foundation baseline,Experiment_2_010,10,SERV-CT valid mask; legacy metrics may also exclude invalid model predictions,235520,1.6396368741989136,3.2183310985565186,49.85011888586956,24.450577445652176,,2.517408288043478,2.201240301132202,3.580983161926269,62.98106317934783,37.528872282608695,,9.78600543478261,/home/pampaj/Desktop/stereo/Fast-FoundationStereo/output_servct_eval/metrics.csv
SERV-CT honest_test,Fast-FoundationStereo ONNX,Fast-FoundationStereo,ONNX foundation baseline,Experiment_2_011,11,SERV-CT valid mask; legacy metrics may also exclude invalid model predictions,235520,1.266486644744873,1.860182762145996,49.512143342391305,14.272248641304348,,2.3110563858695654,1.7154735326766968,2.3184070587158203,63.763586956521735,32.62865149456522,,3.767832880434783,/home/pampaj/Desktop/stereo/Fast-FoundationStereo/output_servct_eval/metrics.csv
SERV-CT honest_test,Fast-FoundationStereo ONNX,Fast-FoundationStereo,ONNX foundation baseline,Experiment_2_012,12,SERV-CT valid mask; legacy metrics may also exclude invalid model predictions,235520,0.8545607924461365,1.1024959087371826,31.393512228260867,9.435292119565217,,0.0004245923913043,1.299749732017517,1.7927491664886477,45.688688858695656,19.164402173913043,,2.6677139945652173,/home/pampaj/Desktop/stereo/Fast-FoundationStereo/output_servct_eval/metrics.csv
SERV-CT honest_test,Fast-FoundationStereo ONNX,Fast-FoundationStereo,ONNX foundation baseline,Experiment_2_013,13,SERV-CT valid mask; legacy metrics may also exclude invalid model predictions,235520,1.4670183658599854,2.035965204238892,51.617272418478265,25.500594429347828,,2.1131963315217392,1.255408763885498,1.9234248399734497,43.60776154891305,17.998471467391305,,2.701256793478261,/home/pampaj/Desktop/stereo/Fast-FoundationStereo/output_servct_eval/metrics.csv
SERV-CT honest_test,Fast-FoundationStereo ONNX,Fast-FoundationStereo,ONNX foundation baseline,Experiment_2_014,14,SERV-CT valid mask; legacy metrics may also exclude invalid model predictions,235520,3.451711416244507,7.905604839324951,40.298913043478265,24.53804347826087,,13.985224184782608,2.583052396774292,6.714929580688477,22.44904891304348,16.455078125,,11.397758152173914,/home/pampaj/Desktop/stereo/Fast-FoundationStereo/output_servct_eval/metrics.csv
SERV-CT honest_test,Fast-FoundationStereo ONNX,Fast-FoundationStereo,ONNX foundation baseline,Experiment_2_015,15,SERV-CT valid mask; legacy metrics may also exclude invalid model predictions,235520,0.9146350622177124,1.267209529876709,35.076851222826086,11.171025815217392,,0.301460597826087,1.603809118270874,2.27248477935791,55.937075407608695,26.240234375,,4.425951086956522,/home/pampaj/Desktop/stereo/Fast-FoundationStereo/output_servct_eval/metrics.csv
SERV-CT honest_test,Fast-FoundationStereo ONNX,Fast-FoundationStereo,ONNX foundation baseline,Experiment_2_016,16,SERV-CT valid mask; legacy metrics may also exclude invalid model predictions,235520,2.3708298206329346,4.299039840698242,62.32676630434783,36.883491847826086,,9.154636548913045,1.3064600229263306,2.815776824951172,33.02734375,12.544582201086955,,4.651834239130435,/home/pampaj/Desktop/stereo/Fast-FoundationStereo/output_servct_eval/metrics.csv
SERV-CT honest_test,SGBM,Classical,OpenCV SGBM,Experiment_2_009,9,SERV-CT valid mask; legacy metrics may also exclude invalid model predictions,232841,7.426316738128662,14.509297370910645,72.81063043020774,54.22412719409382,,30.889748798536345,35.6862678527832,195.3375701904297,79.16174556886459,62.888408828342094,,41.46778273585838,/home/pampaj/Desktop/stereo/Fast-FoundationStereo/output_servct_eval_sgbm/metrics.csv
SERV-CT honest_test,SGBM,Classical,OpenCV SGBM,Experiment_2_010,10,SERV-CT valid mask; legacy metrics may also exclude invalid model predictions,229237,6.747398853302002,14.582953453063965,67.95979706591868,43.19328904147236,,23.712140710269285,43.47134017944336,211.7808074951172,77.6458425123344,58.25979226739138,,31.851751680575124,/home/pampaj/Desktop/stereo/Fast-FoundationStereo/output_servct_eval_sgbm/metrics.csv
SERV-CT honest_test,SGBM,Classical,OpenCV SGBM,Experiment_2_011,11,SERV-CT valid mask; legacy metrics may also exclude invalid model predictions,223556,5.97157096862793,15.191471099853516,65.91055484979155,43.26119629980855,,19.730626778077976,75.96101379394531,483.1296997070313,77.17574120130975,57.96086886507184,,27.93617706525434,/home/pampaj/Desktop/stereo/Fast-FoundationStereo/output_servct_eval_sgbm/metrics.csv
SERV-CT honest_test,SGBM,Classical,OpenCV SGBM,Experiment_2_012,12,SERV-CT valid mask; legacy metrics may also exclude invalid model predictions,246864,5.065896511077881,11.441431045532228,58.29768617538402,31.739743340462766,,14.609258539114652,29.172061920166016,190.494140625,72.42489791950224,50.12557521550327,,19.7926793700175,/home/pampaj/Desktop/stereo/Fast-FoundationStereo/output_servct_eval_sgbm/metrics.csv
SERV-CT honest_test,SGBM,Classical,OpenCV SGBM,Experiment_2_013,13,SERV-CT valid mask; legacy metrics may also exclude invalid model predictions,176233,21.661212921142575,31.039003372192383,92.8424301918483,86.21143599666351,,71.94679770531059,104.89897918701172,488.7769470214844,91.59635255599122,84.51198129748686,,67.70582127070412,/home/pampaj/Desktop/stereo/Fast-FoundationStereo/output_servct_eval_sgbm/metrics.csv
SERV-CT honest_test,SGBM,Classical,OpenCV SGBM,Experiment_2_014,14,SERV-CT valid mask; legacy metrics may also exclude invalid model predictions,178438,23.580251693725582,32.87199401855469,88.59715979780091,77.87242627691411,,63.56101278875576,41.8260498046875,295.839111328125,73.93324291910915,63.84514509241305,,59.0378730987794,/home/pampaj/Desktop/stereo/Fast-FoundationStereo/output_servct_eval_sgbm/metrics.csv
SERV-CT honest_test,SGBM,Classical,OpenCV SGBM,Experiment_2_015,15,SERV-CT valid mask; legacy metrics may also exclude invalid model predictions,248468,2.984767198562622,8.6884126663208,55.82288262472432,31.233398264565253,,8.245729832413028,34.343021392822266,322.517333984375,78.64312507043161,59.569441537743295,,27.099666757892365,/home/pampaj/Desktop/stereo/Fast-FoundationStereo/output_servct_eval_sgbm/metrics.csv
SERV-CT honest_test,SGBM,Classical,OpenCV SGBM,Experiment_2_016,16,SERV-CT valid mask; legacy metrics may also exclude invalid model predictions,171936,23.979568481445312,34.44575500488281,87.91236273962404,77.78359389540293,,61.28094174576587,47.12345123291016,232.40670776367188,77.55269402568398,64.96138097896892,,55.22752652149637,/home/pampaj/Desktop/stereo/Fast-FoundationStereo/output_servct_eval_sgbm/metrics.csv
SERV-CT honest_test,StereoAnywhere ViT-L,StereoAnywhere,ViT-L,Experiment_2_009,9,SERV-CT valid mask; legacy metrics may also exclude invalid model predictions,414720,2.7082278728485107,5.285565376281738,50.82706404320988,28.278115354938272,,15.950761959876544,5.022720336914063,10.833857536315918,60.047984182098766,36.107011959876544,,19.44950810185185,/home/pampaj/Desktop/stereo/stereoanywhere/output_servct_eval_stereoanywhere_vitl/metrics.csv
SERV-CT honest_test,StereoAnywhere ViT-L,StereoAnywhere,ViT-L,Experiment_2_010,10,SERV-CT valid mask; legacy metrics may also exclude invalid model predictions,414720,1.2912757396697998,2.148550033569336,47.274787808641975,21.049864969135804,,1.6907793209876545,1.7966370582580566,2.7789807319641118,60.78245563271605,31.902247299382715,,2.9144965277777777,/home/pampaj/Desktop/stereo/stereoanywhere/output_servct_eval_stereoanywhere_vitl/metrics.csv
SERV-CT honest_test,StereoAnywhere ViT-L,StereoAnywhere,ViT-L,Experiment_2_011,11,SERV-CT valid mask; legacy metrics may also exclude invalid model predictions,414720,1.1659592390060425,1.712910294532776,41.56225887345679,16.42071759259259,,1.893084490740741,1.6500244140625,2.2563226222991943,57.89231288580247,29.868827160493822,,3.977141203703704,/home/pampaj/Desktop/stereo/stereoanywhere/output_servct_eval_stereoanywhere_vitl/metrics.csv
SERV-CT honest_test,StereoAnywhere ViT-L,StereoAnywhere,ViT-L,Experiment_2_012,12,SERV-CT valid mask; legacy metrics may also exclude invalid model predictions,414720,0.9796706438064576,1.273685097694397,37.82961998456791,11.297019675925926,,0.3402295524691358,1.4372905492782593,1.877305030822754,53.52985146604938,24.576822916666664,,1.4385609567901236,/home/pampaj/Desktop/stereo/stereoanywhere/output_servct_eval_stereoanywhere_vitl/metrics.csv
SERV-CT honest_test,StereoAnywhere ViT-L,StereoAnywhere,ViT-L,Experiment_2_013,13,SERV-CT valid mask; legacy metrics may also exclude invalid model predictions,414720,2.308870553970337,3.713890552520752,65.4417438271605,37.864824459876544,,9.872444058641976,1.961629629135132,3.282109498977661,57.90653935185185,22.48215663580247,,10.065345293209877,/home/pampaj/Desktop/stereo/stereoanywhere/output_servct_eval_stereoanywhere_vitl/metrics.csv
SERV-CT honest_test,StereoAnywhere ViT-L,StereoAnywhere,ViT-L,Experiment_2_014,14,SERV-CT valid mask; legacy metrics may also exclude invalid model predictions,414720,5.667282581329346,10.774620056152344,67.09008487654322,47.571855709876544,,25.711564429012345,3.7470977306365967,8.221643447875977,42.193769290123456,28.25086805555556,,17.41994598765432,/home/pampaj/Desktop/stereo/stereoanywhere/output_servct_eval_stereoanywhere_vitl/metrics.csv
SERV-CT honest_test,StereoAnywhere ViT-L,StereoAnywhere,ViT-L,Experiment_2_015,15,SERV-CT valid mask; legacy metrics may also exclude invalid model predictions,414720,0.9672943353652954,1.48690664768219,31.872347608024693,13.419656635802468,,0.6684027777777778,1.4695242643356323,2.105132579803467,52.41970486111112,28.423755787037035,,1.4409722222222223,/home/pampaj/Desktop/stereo/stereoanywhere/output_servct_eval_stereoanywhere_vitl/metrics.csv
SERV-CT honest_test,StereoAnywhere ViT-L,StereoAnywhere,ViT-L,Experiment_2_016,16,SERV-CT valid mask; legacy metrics may also exclude invalid model predictions,414720,1.7293026447296145,3.207188606262207,51.493537808641975,19.440827546296298,,6.280140817901235,1.0045512914657593,2.2710964679718018,20.006510416666668,9.985050154320987,,2.966579861111111,/home/pampaj/Desktop/stereo/stereoanywhere/output_servct_eval_stereoanywhere_vitl/metrics.csv
SERV-CT honest_test,StereoAnywhere,StereoAnywhere,default,Experiment_2_009,9,SERV-CT valid mask; legacy metrics may also exclude invalid model predictions,414720,2.7555954456329346,5.729438781738281,51.31269290123457,29.749469521604937,,13.480661651234568,3.7704598903656006,6.437779903411865,61.302083333333336,38.89539930555556,,22.692660108024693,/home/pampaj/Desktop/stereo/stereoanywhere/output_servct_eval_stereoanywhere/metrics.csv
SERV-CT honest_test,StereoAnywhere,StereoAnywhere,default,Experiment_2_010,10,SERV-CT valid mask; legacy metrics may also exclude invalid model predictions,414720,1.53489089012146,2.529959201812744,51.62567515432098,26.633150077160494,,2.3348283179012346,2.1316564083099365,3.338721990585327,65.6372974537037,37.91329089506173,,5.993200231481482,/home/pampaj/Desktop/stereo/stereoanywhere/output_servct_eval_stereoanywhere/metrics.csv
SERV-CT honest_test,StereoAnywhere,StereoAnywhere,default,Experiment_2_011,11,SERV-CT valid mask; legacy metrics may also exclude invalid model predictions,414720,1.4063351154327393,2.2717909812927246,48.71503665123457,20.320216049382715,,2.3509837962962963,1.907690405845642,2.7275595664978027,65.66116898148148,36.03949652777778,,4.409963348765432,/home/pampaj/Desktop/stereo/stereoanywhere/output_servct_eval_stereoanywhere/metrics.csv
SERV-CT honest_test,StereoAnywhere,StereoAnywhere,default,Experiment_2_012,12,SERV-CT valid mask; legacy metrics may also exclude invalid model predictions,414720,1.569920778274536,4.9181108474731445,37.46768904320988,12.506510416666666,,1.9774787808641971,1.7636946439743042,3.506749391555786,51.72453703703703,26.39347029320988,,3.0859375,/home/pampaj/Desktop/stereo/stereoanywhere/output_servct_eval_stereoanywhere/metrics.csv
SERV-CT honest_test,StereoAnywhere,StereoAnywhere,default,Experiment_2_013,13,SERV-CT valid mask; legacy metrics may also exclude invalid model predictions,414720,2.0207459926605225,2.859446287155152,69.24864969135803,33.718412422839506,,8.096305941358024,1.7210454940795898,2.5239264965057373,56.92250192901235,22.98659336419753,,7.67409336419753,/home/pampaj/Desktop/stereo/stereoanywhere/output_servct_eval_stereoanywhere/metrics.csv
SERV-CT honest_test,StereoAnywhere,StereoAnywhere,default,Experiment_2_014,14,SERV-CT valid mask; legacy metrics may also exclude invalid model predictions,414720,7.796543598175049,15.613100051879885,75.16951195987654,56.4185474537037,,30.914834104938272,4.685909748077393,10.506723403930664,50.48297646604938,31.140046296296298,,17.71484375,/home/pampaj/Desktop/stereo/stereoanywhere/output_servct_eval_stereoanywhere/metrics.csv
SERV-CT honest_test,StereoAnywhere,StereoAnywhere,default,Experiment_2_015,15,SERV-CT valid mask; legacy metrics may also exclude invalid model predictions,414720,1.0435857772827148,1.5623633861541748,35.9302662037037,15.1000675154321,,1.2157600308641976,1.6842509508132937,2.360185384750366,56.60252700617284,32.82624421296296,,3.4734278549382718,/home/pampaj/Desktop/stereo/stereoanywhere/output_servct_eval_stereoanywhere/metrics.csv
SERV-CT honest_test,StereoAnywhere,StereoAnywhere,default,Experiment_2_016,16,SERV-CT valid mask; legacy metrics may also exclude invalid model predictions,414720,3.565969705581665,7.242281913757324,72.16025270061729,37.74980709876543,,15.162278163580249,1.893275260925293,4.174504280090332,36.01658950617284,19.3016975308642,,8.84813850308642,/home/pampaj/Desktop/stereo/stereoanywhere/output_servct_eval_stereoanywhere/metrics.csv
SERV-CT honest_test,RAFT-Stereo RVC,RAFT-Stereo,RVC,Experiment_2_009,9,SERV-CT valid mask; legacy metrics may also exclude invalid model predictions,414720,3.0689637660980225,8.73023509979248,38.37456597222222,25.22207754629629,,9.681954089506172,4.150161266326904,8.980937957763672,46.12485532407408,34.167631172839506,,19.597559799382715,/home/pampaj/Desktop/stereo/RAFT-Stereo/output_servct_eval_raft_rvc/metrics.csv
SERV-CT honest_test,RAFT-Stereo RVC,RAFT-Stereo,RVC,Experiment_2_010,10,SERV-CT valid mask; legacy metrics may also exclude invalid model predictions,414720,2.1049141883850098,5.683128833770752,41.532359182098766,18.53443287037037,,7.494454089506172,3.052902936935425,6.484151840209961,55.240644290123456,27.42211612654321,,13.736979166666666,/home/pampaj/Desktop/stereo/RAFT-Stereo/output_servct_eval_raft_rvc/metrics.csv
SERV-CT honest_test,RAFT-Stereo RVC,RAFT-Stereo,RVC,Experiment_2_011,11,SERV-CT valid mask; legacy metrics may also exclude invalid model predictions,414720,2.024071455001831,7.746674537658691,40.27126736111112,12.05367476851852,,3.0425347222222223,2.0308308601379395,4.91595458984375,55.17602237654321,27.66999421296296,,4.679301697530864,/home/pampaj/Desktop/stereo/RAFT-Stereo/output_servct_eval_raft_rvc/metrics.csv
SERV-CT honest_test,RAFT-Stereo RVC,RAFT-Stereo,RVC,Experiment_2_012,12,SERV-CT valid mask; legacy metrics may also exclude invalid model predictions,414720,1.382805109024048,5.428347110748291,23.447627314814813,7.048369984567901,,1.8108603395061729,1.4661030769348145,3.570261001586914,35.333960262345684,15.883728780864198,,2.5634162808641974,/home/pampaj/Desktop/stereo/RAFT-Stereo/output_servct_eval_raft_rvc/metrics.csv
SERV-CT honest_test,RAFT-Stereo RVC,RAFT-Stereo,RVC,Experiment_2_013,13,SERV-CT valid mask; legacy metrics may also exclude invalid model predictions,414720,2.1479697227478027,4.814298629760742,53.85079089506173,28.61135223765432,,8.031442901234568,1.7769871950149536,3.788600444793701,44.55078125,21.70428240740741,,7.302999614197531,/home/pampaj/Desktop/stereo/RAFT-Stereo/output_servct_eval_raft_rvc/metrics.csv
SERV-CT honest_test,RAFT-Stereo RVC,RAFT-Stereo,RVC,Experiment_2_014,14,SERV-CT valid mask; legacy metrics may also exclude invalid model predictions,414720,4.030117988586426,10.400650024414062,53.00467785493828,28.447868441358025,,13.916136188271604,2.8387796878814697,7.629458427429199,22.314573688271604,16.905381944444446,,11.44820601851852,/home/pampaj/Desktop/stereo/RAFT-Stereo/output_servct_eval_raft_rvc/metrics.csv
SERV-CT honest_test,RAFT-Stereo RVC,RAFT-Stereo,RVC,Experiment_2_015,15,SERV-CT valid mask; legacy metrics may also exclude invalid model predictions,414720,1.2631826400756836,4.665919780731201,23.585551697530864,5.290075231481482,,2.2593557098765435,1.5122525691986084,2.9531099796295166,45.078607253086425,19.04345100308642,,3.501398533950617,/home/pampaj/Desktop/stereo/RAFT-Stereo/output_servct_eval_raft_rvc/metrics.csv
SERV-CT honest_test,RAFT-Stereo RVC,RAFT-Stereo,RVC,Experiment_2_016,16,SERV-CT valid mask; legacy metrics may also exclude invalid model predictions,414720,2.510138511657715,5.415497779846191,60.27777777777777,26.824845679012345,,10.433545524691358,1.3855363130569458,3.214625358581543,26.49884259259259,13.62871334876543,,5.305748456790123,/home/pampaj/Desktop/stereo/RAFT-Stereo/output_servct_eval_raft_rvc/metrics.csv
SERV-CT honest_test,RAFT-Stereo Middlebury,RAFT-Stereo,Middlebury,Experiment_2_009,9,SERV-CT valid mask; legacy metrics may also exclude invalid model predictions,414720,2.602181196212769,6.3819098472595215,42.90316358024691,29.06876929012346,,10.676118827160494,3.550626039505005,6.877372741699219,49.59273726851852,36.748649691358025,,20.99995177469136,/home/pampaj/Desktop/stereo/RAFT-Stereo/output_servct_eval_raft_middlebury/metrics.csv
SERV-CT honest_test,RAFT-Stereo Middlebury,RAFT-Stereo,Middlebury,Experiment_2_010,10,SERV-CT valid mask; legacy metrics may also exclude invalid model predictions,414720,2.6967570781707764,4.730716705322266,54.3482349537037,35.751109182098766,,15.185667438271604,4.796895980834961,9.493393898010254,65.49503279320987,42.61839313271605,,21.672212577160494,/home/pampaj/Desktop/stereo/RAFT-Stereo/output_servct_eval_raft_middlebury/metrics.csv
SERV-CT honest_test,RAFT-Stereo Middlebury,RAFT-Stereo,Middlebury,Experiment_2_011,11,SERV-CT valid mask; legacy metrics may also exclude invalid model predictions,414720,1.855736494064331,6.356088638305664,45.06196952160494,10.011574074074074,,3.2284432870370368,2.1100990772247314,4.629824638366699,58.9110725308642,30.931712962962965,,6.002121913580247,/home/pampaj/Desktop/stereo/RAFT-Stereo/output_servct_eval_raft_middlebury/metrics.csv
SERV-CT honest_test,RAFT-Stereo Middlebury,RAFT-Stereo,Middlebury,Experiment_2_012,12,SERV-CT valid mask; legacy metrics may also exclude invalid model predictions,414720,2.281891345977783,7.56663179397583,31.475694444444446,10.006751543209877,,5.743875385802469,4.180934906005859,14.118337631225586,43.00347222222222,21.26398533950617,,5.868296682098766,/home/pampaj/Desktop/stereo/RAFT-Stereo/output_servct_eval_raft_middlebury/metrics.csv
SERV-CT honest_test,RAFT-Stereo Middlebury,RAFT-Stereo,Middlebury,Experiment_2_013,13,SERV-CT valid mask; legacy metrics may also exclude invalid model predictions,414720,1.7324568033218384,2.6420202255249023,60.59919945987654,27.087191358024693,,5.094521604938271,1.5349633693695068,2.5371346473693848,48.80762924382716,19.42949459876543,,5.289351851851852,/home/pampaj/Desktop/stereo/RAFT-Stereo/output_servct_eval_raft_middlebury/metrics.csv
SERV-CT honest_test,RAFT-Stereo Middlebury,RAFT-Stereo,Middlebury,Experiment_2_014,14,SERV-CT valid mask; legacy metrics may also exclude invalid model predictions,414720,3.5385522842407227,7.174647808074951,52.84071180555555,30.842496141975307,,16.58299575617284,2.5407049655914307,6.134571075439453,26.315345293209877,18.7938850308642,,11.884886188271606,/home/pampaj/Desktop/stereo/RAFT-Stereo/output_servct_eval_raft_middlebury/metrics.csv
SERV-CT honest_test,RAFT-Stereo Middlebury,RAFT-Stereo,Middlebury,Experiment_2_015,15,SERV-CT valid mask; legacy metrics may also exclude invalid model predictions,414720,1.5577425956726074,6.487882137298584,26.22636959876543,4.846161265432099,,2.2533275462962963,1.6937294006347656,3.50136399269104,49.478925540123456,21.860773533950617,,3.805941358024692,/home/pampaj/Desktop/stereo/RAFT-Stereo/output_servct_eval_raft_middlebury/metrics.csv
SERV-CT honest_test,RAFT-Stereo Middlebury,RAFT-Stereo,Middlebury,Experiment_2_016,16,SERV-CT valid mask; legacy metrics may also exclude invalid model predictions,414720,1.8737874031066892,3.865934610366821,55.56495949074074,21.041184413580247,,5.982349537037037,1.0530773401260376,2.440228223800659,21.40239197530864,8.59592013888889,,3.4068769290123457,/home/pampaj/Desktop/stereo/RAFT-Stereo/output_servct_eval_raft_middlebury/metrics.csv
SERV-CT honest_test,RAFT-Stereo SceneFlow,RAFT-Stereo,SceneFlow,Experiment_2_009,9,SERV-CT valid mask; legacy metrics may also exclude invalid model predictions,414720,3.418100357055664,6.666989326477051,57.38064236111112,37.79007523148148,,17.06741898148148,4.738547325134277,8.112863540649414,64.6291473765432,45.25101273148148,,28.550106095679013,/home/pampaj/Desktop/stereo/RAFT-Stereo/output_servct_eval_raft_sceneflow/metrics.csv
SERV-CT honest_test,RAFT-Stereo SceneFlow,RAFT-Stereo,SceneFlow,Experiment_2_010,10,SERV-CT valid mask; legacy metrics may also exclude invalid model predictions,414720,2.6496505737304688,4.156558036804199,60.93581211419753,39.99879436728395,,17.173273533950617,4.344748497009277,7.6038336753845215,70.67949459876543,49.30820794753086,,24.75911458333333,/home/pampaj/Desktop/stereo/RAFT-Stereo/output_servct_eval_raft_sceneflow/metrics.csv
SERV-CT honest_test,RAFT-Stereo SceneFlow,RAFT-Stereo,SceneFlow,Experiment_2_011,11,SERV-CT valid mask; legacy metrics may also exclude invalid model predictions,414720,1.4333559274673462,2.2499840259552,48.989438657407405,17.354118441358025,,4.777681327160495,2.147974729537964,3.392431735992432,63.58072916666667,33.73408564814815,,9.169801311728396,/home/pampaj/Desktop/stereo/RAFT-Stereo/output_servct_eval_raft_sceneflow/metrics.csv
SERV-CT honest_test,RAFT-Stereo SceneFlow,RAFT-Stereo,SceneFlow,Experiment_2_012,12,SERV-CT valid mask; legacy metrics may also exclude invalid model predictions,414720,1.6570096015930176,4.119492053985596,38.46667631172839,13.26027199074074,,4.423707561728396,4.381597995758057,17.11750602722168,51.02382330246914,27.632137345679013,,4.892216435185185,/home/pampaj/Desktop/stereo/RAFT-Stereo/output_servct_eval_raft_sceneflow/metrics.csv
SERV-CT honest_test,RAFT-Stereo SceneFlow,RAFT-Stereo,SceneFlow,Experiment_2_013,13,SERV-CT valid mask; legacy metrics may also exclude invalid model predictions,414720,1.6522023677825928,2.385082721710205,57.78308256172839,29.138454861111114,,3.760127314814815,1.4602432250976562,2.283936023712158,49.69907407407408,20.9032600308642,,4.017409336419753,/home/pampaj/Desktop/stereo/RAFT-Stereo/output_servct_eval_raft_sceneflow/metrics.csv
SERV-CT honest_test,RAFT-Stereo SceneFlow,RAFT-Stereo,SceneFlow,Experiment_2_014,14,SERV-CT valid mask; legacy metrics may also exclude invalid model predictions,414720,4.816847801208496,10.541900634765623,52.086709104938265,37.35942322530864,,20.992717978395063,3.162275791168213,7.836445808410644,35.776427469135804,22.85276813271605,,12.94487847222222,/home/pampaj/Desktop/stereo/RAFT-Stereo/output_servct_eval_raft_sceneflow/metrics.csv
SERV-CT honest_test,RAFT-Stereo SceneFlow,RAFT-Stereo,SceneFlow,Experiment_2_015,15,SERV-CT valid mask; legacy metrics may also exclude invalid model predictions,414720,1.1769344806671145,2.085791110992432,38.76832561728395,14.255642361111112,,3.232060185185185,2.231693983078003,4.248053550720215,58.37673611111112,33.464747299382715,,7.963445216049382,/home/pampaj/Desktop/stereo/RAFT-Stereo/output_servct_eval_raft_sceneflow/metrics.csv
SERV-CT honest_test,RAFT-Stereo SceneFlow,RAFT-Stereo,SceneFlow,Experiment_2_016,16,SERV-CT valid mask; legacy metrics may also exclude invalid model predictions,414720,1.9761137962341309,3.429832935333252,55.14105902777777,28.600983796296298,,8.4936824845679,1.140542984008789,2.3524444103240967,27.29962384259259,12.96706211419753,,3.680073302469136,/home/pampaj/Desktop/stereo/RAFT-Stereo/output_servct_eval_raft_sceneflow/metrics.csv
SERV-CT honest_test,RAFT-Stereo ETH3D,RAFT-Stereo,ETH3D,Experiment_2_009,9,SERV-CT valid mask; legacy metrics may also exclude invalid model predictions,414720,3.307912826538086,7.291469573974609,53.00443672839506,35.70023148148148,,14.463252314814817,4.617156028747559,9.083555221557615,59.494598765432094,42.8563850308642,,25.99633487654321,/home/pampaj/Desktop/stereo/RAFT-Stereo/output_servct_eval_raft_eth3d/metrics.csv
SERV-CT honest_test,RAFT-Stereo ETH3D,RAFT-Stereo,ETH3D,Experiment_2_010,10,SERV-CT valid mask; legacy metrics may also exclude invalid model predictions,414720,2.542316198348999,4.414686679840088,54.16787229938272,34.8755787037037,,13.168161651234566,4.341989040374756,8.580201148986816,66.91647376543209,45.254629629629626,,20.33878279320988,/home/pampaj/Desktop/stereo/RAFT-Stereo/output_servct_eval_raft_eth3d/metrics.csv
SERV-CT honest_test,RAFT-Stereo ETH3D,RAFT-Stereo,ETH3D,Experiment_2_011,11,SERV-CT valid mask; legacy metrics may also exclude invalid model predictions,414720,1.414891242980957,2.12813663482666,53.21590470679012,18.818962191358025,,3.5023630401234565,2.08793044090271,3.0822439193725586,66.3061824845679,35.44343171296296,,8.243393132716049,/home/pampaj/Desktop/stereo/RAFT-Stereo/output_servct_eval_raft_eth3d/metrics.csv
SERV-CT honest_test,RAFT-Stereo ETH3D,RAFT-Stereo,ETH3D,Experiment_2_012,12,SERV-CT valid mask; legacy metrics may also exclude invalid model predictions,414720,1.6909770965576172,3.940534830093384,38.83511766975309,17.532552083333332,,4.696903935185185,4.0597333908081055,13.976431846618652,49.2479263117284,27.59186921296296,,6.006703317901234,/home/pampaj/Desktop/stereo/RAFT-Stereo/output_servct_eval_raft_eth3d/metrics.csv
SERV-CT honest_test,RAFT-Stereo ETH3D,RAFT-Stereo,ETH3D,Experiment_2_013,13,SERV-CT valid mask; legacy metrics may also exclude invalid model predictions,414720,1.6146457195281982,2.1686394214630127,61.43156828703704,29.625530478395063,,2.2740644290123457,1.4536216259002686,2.108871936798096,52.13638117283951,23.85054976851852,,2.375578703703704,/home/pampaj/Desktop/stereo/RAFT-Stereo/output_servct_eval_raft_eth3d/metrics.csv
SERV-CT honest_test,RAFT-Stereo ETH3D,RAFT-Stereo,ETH3D,Experiment_2_014,14,SERV-CT valid mask; legacy metrics may also exclude invalid model predictions,414720,4.331282138824463,8.218162536621094,55.83791473765432,41.37152777777778,,22.417052469135804,3.0251553058624268,6.995853900909424,38.41001157407408,24.329668209876544,,13.44184027777778,/home/pampaj/Desktop/stereo/RAFT-Stereo/output_servct_eval_raft_eth3d/metrics.csv
SERV-CT honest_test,RAFT-Stereo ETH3D,RAFT-Stereo,ETH3D,Experiment_2_015,15,SERV-CT valid mask; legacy metrics may also exclude invalid model predictions,414720,0.9854974150657654,1.4742742776870728,37.38088348765432,11.648341049382717,,0.9601658950617284,1.7751362323760986,2.679386615753174,57.06548996913581,29.55512152777778,,6.7799961419753085,/home/pampaj/Desktop/stereo/RAFT-Stereo/output_servct_eval_raft_eth3d/metrics.csv
SERV-CT honest_test,RAFT-Stereo ETH3D,RAFT-Stereo,ETH3D,Experiment_2_016,16,SERV-CT valid mask; legacy metrics may also exclude invalid model predictions,414720,1.726995825767517,3.0333828926086426,53.14115547839506,22.86000192901235,,5.349392361111112,0.993622660636902,2.0939886569976807,22.784288194444443,8.524546682098766,,3.0584490740740744,/home/pampaj/Desktop/stereo/RAFT-Stereo/output_servct_eval_raft_eth3d/metrics.csv
SERV-CT honest_test,CREStereo,CREStereo,local checkpoint,Experiment_2_009,9,SERV-CT valid mask; legacy metrics may also exclude invalid model predictions,414720,3.229343175888061,7.6674370765686035,51.26398533950617,31.11834490740741,,15.787760416666666,4.9476189613342285,10.80767822265625,59.79769483024692,37.71146797839506,,21.81809413580247,/home/pampaj/Desktop/stereo/stereo_matching_crestereo/output_servct_eval_crestereo/metrics.csv
SERV-CT honest_test,CREStereo,CREStereo,local checkpoint,Experiment_2_010,10,SERV-CT valid mask; legacy metrics may also exclude invalid model predictions,414720,2.151292085647583,3.2888076305389404,63.5057388117284,34.424672067901234,,10.501543209876544,3.3221800327301025,5.457790851593018,73.62895447530863,47.16796875,,17.67071759259259,/home/pampaj/Desktop/stereo/stereo_matching_crestereo/output_servct_eval_crestereo/metrics.csv
SERV-CT honest_test,CREStereo,CREStereo,local checkpoint,Experiment_2_011,11,SERV-CT valid mask; legacy metrics may also exclude invalid model predictions,414720,1.206627368927002,1.7497851848602295,47.11033950617284,14.526668595679013,,1.8173707561728396,1.680964708328247,2.2386820316314697,62.72714120370371,30.99223572530864,,3.2016782407407405,/home/pampaj/Desktop/stereo/stereo_matching_crestereo/output_servct_eval_crestereo/metrics.csv
SERV-CT honest_test,CREStereo,CREStereo,local checkpoint,Experiment_2_012,12,SERV-CT valid mask; legacy metrics may also exclude invalid model predictions,414720,0.822573184967041,1.093352198600769,32.47540509259259,5.650318287037037,,0.1200810185185185,1.2194942235946655,1.7121351957321167,46.58588927469136,18.307291666666668,,1.2608506944444444,/home/pampaj/Desktop/stereo/stereo_matching_crestereo/output_servct_eval_crestereo/metrics.csv
SERV-CT honest_test,CREStereo,CREStereo,local checkpoint,Experiment_2_013,13,SERV-CT valid mask; legacy metrics may also exclude invalid model predictions,414720,1.7607355117797852,2.413151264190674,57.52483603395062,30.852623456790123,,6.242525077160495,1.5152084827423096,2.2511684894561768,45.88855131172839,25.35011574074074,,6.087962962962963,/home/pampaj/Desktop/stereo/stereo_matching_crestereo/output_servct_eval_crestereo/metrics.csv
SERV-CT honest_test,CREStereo,CREStereo,local checkpoint,Experiment_2_014,14,SERV-CT valid mask; legacy metrics may also exclude invalid model predictions,414720,3.737193107604981,7.9986982345581055,54.83458719135802,33.25183256172839,,14.17824074074074,2.722064256668091,6.813971042633057,24.84206211419753,16.40263310185185,,11.5258487654321,/home/pampaj/Desktop/stereo/stereo_matching_crestereo/output_servct_eval_crestereo/metrics.csv
SERV-CT honest_test,CREStereo,CREStereo,local checkpoint,Experiment_2_015,15,SERV-CT valid mask; legacy metrics may also exclude invalid model predictions,414720,0.8869988918304443,1.288668513298035,33.307050540123456,9.792148919753089,,0.4564525462962963,1.4828314781188965,2.129021167755127,54.52907986111111,23.142843364197528,,2.8040605709876543,/home/pampaj/Desktop/stereo/stereo_matching_crestereo/output_servct_eval_crestereo/metrics.csv
SERV-CT honest_test,CREStereo,CREStereo,local checkpoint,Experiment_2_016,16,SERV-CT valid mask; legacy metrics may also exclude invalid model predictions,414720,2.505513906478882,4.213680744171143,69.20524691358024,42.58342978395061,,8.690923996913579,1.402758002281189,2.804800271987915,40.18180941358025,14.517746913580243,,4.068045910493827,/home/pampaj/Desktop/stereo/stereo_matching_crestereo/output_servct_eval_crestereo/metrics.csv
SERV-CT honest_test,DEFOM-Stereo ViT-L Middlebury,DEFOM-Stereo,ViT-L Middlebury,Experiment_2_009,9,SERV-CT valid mask; legacy metrics may also exclude invalid model predictions,414720,3.067819833755493,9.58011245727539,47.63792438271605,22.82552083333333,,8.67211612654321,3.74697470664978,7.660367965698242,60.133101851851855,33.29210069444444,,17.06838348765432,/home/pampaj/Desktop/stereo/DEFOM-Stereo/output_servct_eval_defom_vitl_middlebury/metrics.csv
SERV-CT honest_test,DEFOM-Stereo ViT-L Middlebury,DEFOM-Stereo,ViT-L Middlebury,Experiment_2_010,10,SERV-CT valid mask; legacy metrics may also exclude invalid model predictions,414720,2.024313449859619,6.318807125091553,43.2713638117284,22.033902391975307,,3.1640625,2.24976110458374,4.486895561218262,57.70182291666666,32.34350887345679,,8.970148533950617,/home/pampaj/Desktop/stereo/DEFOM-Stereo/output_servct_eval_defom_vitl_middlebury/metrics.csv
SERV-CT honest_test,DEFOM-Stereo ViT-L Middlebury,DEFOM-Stereo,ViT-L Middlebury,Experiment_2_011,11,SERV-CT valid mask; legacy metrics may also exclude invalid model predictions,414720,1.9898531436920168,6.171430587768555,53.8915412808642,17.08863811728395,,3.299093364197531,2.227907180786133,4.41192626953125,69.81264467592592,36.76094714506173,,4.805652006172839,/home/pampaj/Desktop/stereo/DEFOM-Stereo/output_servct_eval_defom_vitl_middlebury/metrics.csv
SERV-CT honest_test,DEFOM-Stereo ViT-L Middlebury,DEFOM-Stereo,ViT-L Middlebury,Experiment_2_012,12,SERV-CT valid mask; legacy metrics may also exclude invalid model predictions,414720,1.7815728187561035,7.062723159790039,32.920765817901234,10.659239969135804,,1.8192997685185184,1.7797971963882446,4.107343673706055,47.33989197530864,22.07151813271605,,1.897665895061728,/home/pampaj/Desktop/stereo/DEFOM-Stereo/output_servct_eval_defom_vitl_middlebury/metrics.csv
SERV-CT honest_test,DEFOM-Stereo ViT-L Middlebury,DEFOM-Stereo,ViT-L Middlebury,Experiment_2_013,13,SERV-CT valid mask; legacy metrics may also exclude invalid model predictions,414720,3.195079803466797,9.819120407104492,62.89086612654321,22.849633487654323,,10.295621141975309,2.454622507095337,5.890553951263428,41.17066936728395,23.478973765432094,,11.066261574074074,/home/pampaj/Desktop/stereo/DEFOM-Stereo/output_servct_eval_defom_vitl_middlebury/metrics.csv
SERV-CT honest_test,DEFOM-Stereo ViT-L Middlebury,DEFOM-Stereo,ViT-L Middlebury,Experiment_2_014,14,SERV-CT valid mask; legacy metrics may also exclude invalid model predictions,414720,2.652350425720215,6.42466926574707,33.7938850308642,17.00472608024691,,10.347704475308642,2.09684419631958,5.732398509979248,18.04952739197531,12.760175540123456,,9.189332561728394,/home/pampaj/Desktop/stereo/DEFOM-Stereo/output_servct_eval_defom_vitl_middlebury/metrics.csv
SERV-CT honest_test,DEFOM-Stereo ViT-L Middlebury,DEFOM-Stereo,ViT-L Middlebury,Experiment_2_015,15,SERV-CT valid mask; legacy metrics may also exclude invalid model predictions,414720,1.279452204704285,5.056536674499512,18.51586612654321,6.005979938271605,,2.8127411265432096,1.6207616329193115,3.0671722888946533,44.37427662037037,24.328221450617285,,4.892939814814815,/home/pampaj/Desktop/stereo/DEFOM-Stereo/output_servct_eval_defom_vitl_middlebury/metrics.csv
SERV-CT honest_test,DEFOM-Stereo ViT-L Middlebury,DEFOM-Stereo,ViT-L Middlebury,Experiment_2_016,16,SERV-CT valid mask; legacy metrics may also exclude invalid model predictions,414720,2.184676170349121,4.391965866088867,63.46691743827161,26.672935956790123,,7.7293113425925934,1.2255107164382937,2.8420119285583496,21.67462384259259,10.976803626543209,,4.339313271604938,/home/pampaj/Desktop/stereo/DEFOM-Stereo/output_servct_eval_defom_vitl_middlebury/metrics.csv
SERV-CT honest_test,DEFOM-Stereo ViT-L ETH3D,DEFOM-Stereo,ViT-L ETH3D,Experiment_2_009,9,SERV-CT valid mask; legacy metrics may also exclude invalid model predictions,414720,1.9412394762039185,4.7723307609558105,33.782552083333336,22.26851851851852,,8.237847222222221,2.871316909790039,5.487586975097656,40.644048996913575,28.87104552469136,,17.01316550925926,/home/pampaj/Desktop/stereo/DEFOM-Stereo/output_servct_eval_defom_vitl_eth3d/metrics.csv
SERV-CT honest_test,DEFOM-Stereo ViT-L ETH3D,DEFOM-Stereo,ViT-L ETH3D,Experiment_2_010,10,SERV-CT valid mask; legacy metrics may also exclude invalid model predictions,414720,1.1619367599487305,2.272599935531616,32.69121334876543,13.369502314814817,,4.167390046296297,1.750037670135498,3.4513230323791504,46.1060474537037,21.635561342592595,,6.906346450617285,/home/pampaj/Desktop/stereo/DEFOM-Stereo/output_servct_eval_defom_vitl_eth3d/metrics.csv
SERV-CT honest_test,DEFOM-Stereo ViT-L ETH3D,DEFOM-Stereo,ViT-L ETH3D,Experiment_2_011,11,SERV-CT valid mask; legacy metrics may also exclude invalid model predictions,414720,1.1650373935699463,1.8346154689788816,43.8573013117284,8.31934799382716,,2.614052854938272,1.5973575115203855,2.2032909393310547,59.31954089506173,28.684895833333336,,3.123312114197531,/home/pampaj/Desktop/stereo/DEFOM-Stereo/output_servct_eval_defom_vitl_eth3d/metrics.csv
SERV-CT honest_test,DEFOM-Stereo ViT-L ETH3D,DEFOM-Stereo,ViT-L ETH3D,Experiment_2_012,12,SERV-CT valid mask; legacy metrics may also exclude invalid model predictions,414720,0.8304961919784546,1.378597855567932,26.67896412037037,4.37524112654321,,1.7956693672839503,1.1593965291976929,1.6786677837371826,40.73423032407407,16.56804591049383,,1.4858217592592593,/home/pampaj/Desktop/stereo/DEFOM-Stereo/output_servct_eval_defom_vitl_eth3d/metrics.csv
SERV-CT honest_test,DEFOM-Stereo ViT-L ETH3D,DEFOM-Stereo,ViT-L ETH3D,Experiment_2_013,13,SERV-CT valid mask; legacy metrics may also exclude invalid model predictions,414720,1.8889051675796509,2.850055694580078,54.9242862654321,30.70336612654321,,9.015962577160494,1.650137186050415,2.5846309661865234,48.86766975308642,22.961998456790123,,9.14279513888889,/home/pampaj/Desktop/stereo/DEFOM-Stereo/output_servct_eval_defom_vitl_eth3d/metrics.csv
SERV-CT honest_test,DEFOM-Stereo ViT-L ETH3D,DEFOM-Stereo,ViT-L ETH3D,Experiment_2_014,14,SERV-CT valid mask; legacy metrics may also exclude invalid model predictions,414720,3.5457639694213867,7.702962398529053,45.2782600308642,27.78790509259259,,15.455729166666668,2.6555182933807373,6.636791229248047,25.5321662808642,18.660059799382715,,12.056568287037036,/home/pampaj/Desktop/stereo/DEFOM-Stereo/output_servct_eval_defom_vitl_eth3d/metrics.csv
SERV-CT honest_test,DEFOM-Stereo ViT-L ETH3D,DEFOM-Stereo,ViT-L ETH3D,Experiment_2_015,15,SERV-CT valid mask; legacy metrics may also exclude invalid model predictions,414720,0.7164353132247925,1.0504366159439087,23.53129822530864,4.370177469135802,,0.3776041666666667,1.423429012298584,2.210607051849365,47.0534336419753,22.739920910493822,,3.200231481481482,/home/pampaj/Desktop/stereo/DEFOM-Stereo/output_servct_eval_defom_vitl_eth3d/metrics.csv
SERV-CT honest_test,DEFOM-Stereo ViT-L ETH3D,DEFOM-Stereo,ViT-L ETH3D,Experiment_2_016,16,SERV-CT valid mask; legacy metrics may also exclude invalid model predictions,414720,2.21107029914856,4.39703893661499,64.5679012345679,23.125,,8.246045524691358,1.248780608177185,2.8861091136932373,23.541666666666668,11.256751543209877,,4.53125,/home/pampaj/Desktop/stereo/DEFOM-Stereo/output_servct_eval_defom_vitl_eth3d/metrics.csv
SERV-CT honest_test,DEFOM-Stereo ViT-L KITTI,DEFOM-Stereo,ViT-L KITTI,Experiment_2_009,9,SERV-CT valid mask; legacy metrics may also exclude invalid model predictions,414720,2.513037919998169,6.382987976074219,45.274160879629626,23.79267939814815,,8.875626929012345,3.520882368087769,6.956167697906494,52.46286651234568,32.9759837962963,,16.800009645061728,/home/pampaj/Desktop/stereo/DEFOM-Stereo/output_servct_eval_defom_vitl_kitti/metrics.csv
SERV-CT honest_test,DEFOM-Stereo ViT-L KITTI,DEFOM-Stereo,ViT-L KITTI,Experiment_2_010,10,SERV-CT valid mask; legacy metrics may also exclude invalid model predictions,414720,1.923528790473938,4.253256320953369,51.92949459876544,27.131799768518515,,3.551552854938272,2.648934841156006,4.532053470611572,61.02261766975309,36.95674189814815,,16.119791666666668,/home/pampaj/Desktop/stereo/DEFOM-Stereo/output_servct_eval_defom_vitl_kitti/metrics.csv
SERV-CT honest_test,DEFOM-Stereo ViT-L KITTI,DEFOM-Stereo,ViT-L KITTI,Experiment_2_011,11,SERV-CT valid mask; legacy metrics may also exclude invalid model predictions,414720,1.4450294971466064,2.641061305999756,46.13667052469136,17.81153549382716,,4.341242283950617,1.9403302669525144,3.015888929367065,58.31331983024691,35.63175154320988,,5.647907021604938,/home/pampaj/Desktop/stereo/DEFOM-Stereo/output_servct_eval_defom_vitl_kitti/metrics.csv
SERV-CT honest_test,DEFOM-Stereo ViT-L KITTI,DEFOM-Stereo,ViT-L KITTI,Experiment_2_012,12,SERV-CT valid mask; legacy metrics may also exclude invalid model predictions,414720,1.477112889289856,4.991574287414551,29.425877700617285,11.07228973765432,,2.0314911265432096,1.6290855407714844,3.5550005435943604,41.31052276234568,19.7752700617284,,4.646267361111111,/home/pampaj/Desktop/stereo/DEFOM-Stereo/output_servct_eval_defom_vitl_kitti/metrics.csv
SERV-CT honest_test,DEFOM-Stereo ViT-L KITTI,DEFOM-Stereo,ViT-L KITTI,Experiment_2_013,13,SERV-CT valid mask; legacy metrics may also exclude invalid model predictions,414720,2.6096959114074707,5.197408199310303,62.6830150462963,30.65297067901235,,10.622347608024691,2.1821558475494385,4.33351469039917,49.47651427469136,22.183400848765437,,10.130690586419751,/home/pampaj/Desktop/stereo/DEFOM-Stereo/output_servct_eval_defom_vitl_kitti/metrics.csv
SERV-CT honest_test,DEFOM-Stereo ViT-L KITTI,DEFOM-Stereo,ViT-L KITTI,Experiment_2_014,14,SERV-CT valid mask; legacy metrics may also exclude invalid model predictions,414720,2.4520630836486816,4.221816539764404,55.33854166666666,32.47251157407408,,12.145061728395062,1.8439064025878904,4.019302845001221,27.813946759259263,20.049430941358025,,9.24117476851852,/home/pampaj/Desktop/stereo/DEFOM-Stereo/output_servct_eval_defom_vitl_kitti/metrics.csv
SERV-CT honest_test,DEFOM-Stereo ViT-L KITTI,DEFOM-Stereo,ViT-L KITTI,Experiment_2_015,15,SERV-CT valid mask; legacy metrics may also exclude invalid model predictions,414720,1.0588080883026123,2.676680326461792,24.35836226851852,7.584876543209877,,2.5414737654320985,1.5612585544586182,2.5956006050109863,47.89158950617284,22.2166763117284,,4.734278549382716,/home/pampaj/Desktop/stereo/DEFOM-Stereo/output_servct_eval_defom_vitl_kitti/metrics.csv
SERV-CT honest_test,DEFOM-Stereo ViT-L KITTI,DEFOM-Stereo,ViT-L KITTI,Experiment_2_016,16,SERV-CT valid mask; legacy metrics may also exclude invalid model predictions,414720,3.544607162475586,7.307897567749023,64.58646797839506,32.82744984567901,,16.54296875,1.8876872062683103,4.194681167602539,31.66039737654321,19.040316358024693,,9.536313657407408,/home/pampaj/Desktop/stereo/DEFOM-Stereo/output_servct_eval_defom_vitl_kitti/metrics.csv
SERV-CT honest_test,DEFOM-Stereo ViT-S RVC,DEFOM-Stereo,ViT-S RVC,Experiment_2_009,9,SERV-CT valid mask; legacy metrics may also exclude invalid model predictions,414720,2.6287407875061035,6.949877262115479,47.20703125,29.03235918209877,,6.964216820987653,3.378744602203369,6.416895389556885,58.69092399691358,38.79726080246913,,16.453510802469136,/home/pampaj/Desktop/stereo/DEFOM-Stereo/output_servct_eval_defom_vits_rvc/metrics.csv
SERV-CT honest_test,DEFOM-Stereo ViT-S RVC,DEFOM-Stereo,ViT-S RVC,Experiment_2_010,10,SERV-CT valid mask; legacy metrics may also exclude invalid model predictions,414720,2.5858190059661865,10.382559776306152,45.63874421296296,20.41401427469136,,2.8158757716049383,2.418930768966675,5.5451979637146,59.22815393518519,34.598765432098766,,7.823109567901235,/home/pampaj/Desktop/stereo/DEFOM-Stereo/output_servct_eval_defom_vits_rvc/metrics.csv
SERV-CT honest_test,DEFOM-Stereo ViT-S RVC,DEFOM-Stereo,ViT-S RVC,Experiment_2_011,11,SERV-CT valid mask; legacy metrics may also exclude invalid model predictions,414720,1.6735285520553589,5.260960102081299,45.10223765432099,10.971016589506172,,2.645399305555556,1.914231896400452,4.062768459320068,60.14829282407408,27.339168595679013,,3.978587962962963,/home/pampaj/Desktop/stereo/DEFOM-Stereo/output_servct_eval_defom_vits_rvc/metrics.csv
SERV-CT honest_test,DEFOM-Stereo ViT-S RVC,DEFOM-Stereo,ViT-S RVC,Experiment_2_012,12,SERV-CT valid mask; legacy metrics may also exclude invalid model predictions,414720,1.472282648086548,5.941413879394531,25.47116126543209,7.5831886574074066,,1.8429301697530864,1.4986374378204346,3.66713285446167,36.97241512345679,15.856240354938272,,3.668499228395062,/home/pampaj/Desktop/stereo/DEFOM-Stereo/output_servct_eval_defom_vits_rvc/metrics.csv
SERV-CT honest_test,DEFOM-Stereo ViT-S RVC,DEFOM-Stereo,ViT-S RVC,Experiment_2_013,13,SERV-CT valid mask; legacy metrics may also exclude invalid model predictions,414720,3.023376703262329,7.023843765258789,72.49059606481481,36.20973186728395,,9.831211419753084,2.4372787475585938,5.0318284034729,62.45201581790123,25.658757716049383,,10.950038580246916,/home/pampaj/Desktop/stereo/DEFOM-Stereo/output_servct_eval_defom_vits_rvc/metrics.csv
SERV-CT honest_test,DEFOM-Stereo ViT-S RVC,DEFOM-Stereo,ViT-S RVC,Experiment_2_014,14,SERV-CT valid mask; legacy metrics may also exclude invalid model predictions,414720,3.7842166423797607,9.909319877624512,40.24811921296296,23.63353587962963,,13.189621913580249,2.7407612800598145,7.462288379669189,23.49440586419753,16.962046682098766,,10.929542824074074,/home/pampaj/Desktop/stereo/DEFOM-Stereo/output_servct_eval_defom_vits_rvc/metrics.csv
SERV-CT honest_test,DEFOM-Stereo ViT-S RVC,DEFOM-Stereo,ViT-S RVC,Experiment_2_015,15,SERV-CT valid mask; legacy metrics may also exclude invalid model predictions,414720,0.7647892832756042,1.1463534832000732,27.52652391975309,5.559895833333333,,0.5239679783950618,1.3092259168624878,2.10976505279541,47.727864583333336,20.31684027777778,,1.1868248456790125,/home/pampaj/Desktop/stereo/DEFOM-Stereo/output_servct_eval_defom_vits_rvc/metrics.csv
SERV-CT honest_test,DEFOM-Stereo ViT-S RVC,DEFOM-Stereo,ViT-S RVC,Experiment_2_016,16,SERV-CT valid mask; legacy metrics may also exclude invalid model predictions,414720,2.2838592529296875,4.8004231452941895,60.50081983024691,26.426504629629623,,8.131992669753087,1.27497661113739,2.9937071800231934,25.71204668209877,12.801167052469136,,4.37475887345679,/home/pampaj/Desktop/stereo/DEFOM-Stereo/output_servct_eval_defom_vits_rvc/metrics.csv
SERV-CT honest_test,DEFOM-Stereo ViT-S SceneFlow,DEFOM-Stereo,ViT-S SceneFlow,Experiment_2_009,9,SERV-CT valid mask; legacy metrics may also exclude invalid model predictions,414720,3.9686203002929688,11.150541305541992,61.81013695987654,33.97424768518518,,15.192901234567902,5.343613624572754,10.795368194580078,71.38695987654322,45.84611304012346,,22.62586805555556,/home/pampaj/Desktop/stereo/DEFOM-Stereo/output_servct_eval_defom_vits_sceneflow/metrics.csv
SERV-CT honest_test,DEFOM-Stereo ViT-S SceneFlow,DEFOM-Stereo,ViT-S SceneFlow,Experiment_2_010,10,SERV-CT valid mask; legacy metrics may also exclude invalid model predictions,414720,3.838995933532715,15.141389846801758,59.68460648148148,32.217640817901234,,7.3707561728395055,3.376083850860596,6.941601276397705,75.1415412808642,43.90600887345679,,14.55102237654321,/home/pampaj/Desktop/stereo/DEFOM-Stereo/output_servct_eval_defom_vits_sceneflow/metrics.csv
SERV-CT honest_test,DEFOM-Stereo ViT-S SceneFlow,DEFOM-Stereo,ViT-S SceneFlow,Experiment_2_011,11,SERV-CT valid mask; legacy metrics may also exclude invalid model predictions,414720,3.415908098220825,16.145145416259766,49.44999035493827,21.1376350308642,,3.0618248456790123,2.612755537033081,6.7593207359313965,63.01094714506172,38.38179976851852,,6.240837191358025,/home/pampaj/Desktop/stereo/DEFOM-Stereo/output_servct_eval_defom_vits_sceneflow/metrics.csv
SERV-CT honest_test,DEFOM-Stereo ViT-S SceneFlow,DEFOM-Stereo,ViT-S SceneFlow,Experiment_2_012,12,SERV-CT valid mask; legacy metrics may also exclude invalid model predictions,414720,3.0000391006469727,14.253253936767578,41.82098765432099,17.216917438271608,,2.313609182098765,2.374666452407837,5.95771598815918,53.05145640432099,27.370273919753085,,9.030912422839506,/home/pampaj/Desktop/stereo/DEFOM-Stereo/output_servct_eval_defom_vits_sceneflow/metrics.csv
SERV-CT honest_test,DEFOM-Stereo ViT-S SceneFlow,DEFOM-Stereo,ViT-S SceneFlow,Experiment_2_013,13,SERV-CT valid mask; legacy metrics may also exclude invalid model predictions,414720,3.915952444076538,11.566450119018556,70.36217206790123,39.798177083333336,,11.022617669753084,2.7552547454833984,6.47701358795166,63.61713927469136,25.068721064814813,,10.979697145061728,/home/pampaj/Desktop/stereo/DEFOM-Stereo/output_servct_eval_defom_vits_sceneflow/metrics.csv
SERV-CT honest_test,DEFOM-Stereo ViT-S SceneFlow,DEFOM-Stereo,ViT-S SceneFlow,Experiment_2_014,14,SERV-CT valid mask; legacy metrics may also exclude invalid model predictions,414720,4.277132034301758,14.220513343811035,45.03086419753086,21.724054783950617,,11.324749228395062,2.748220682144165,8.247910499572754,19.465422453703702,13.642939814814811,,9.937065972222223,/home/pampaj/Desktop/stereo/DEFOM-Stereo/output_servct_eval_defom_vits_sceneflow/metrics.csv
SERV-CT honest_test,DEFOM-Stereo ViT-S SceneFlow,DEFOM-Stereo,ViT-S SceneFlow,Experiment_2_015,15,SERV-CT valid mask; legacy metrics may also exclude invalid model predictions,414720,2.167616128921509,8.949800491333008,38.85874807098765,13.355516975308642,,2.369068287037037,2.2256317138671875,4.228373527526856,62.06693672839506,34.596113040123456,,6.322096836419753,/home/pampaj/Desktop/stereo/DEFOM-Stereo/output_servct_eval_defom_vits_sceneflow/metrics.csv
SERV-CT honest_test,DEFOM-Stereo ViT-S SceneFlow,DEFOM-Stereo,ViT-S SceneFlow,Experiment_2_016,16,SERV-CT valid mask; legacy metrics may also exclude invalid model predictions,414720,3.661629438400269,12.730581283569336,65.52854938271605,36.711033950617285,,8.96315586419753,1.641000270843506,4.5738067626953125,34.58188657407407,13.542148919753084,,4.467592592592593,/home/pampaj/Desktop/stereo/DEFOM-Stereo/output_servct_eval_defom_vits_sceneflow/metrics.csv
SERV-CT honest_test,DEFOM-Stereo ViT-L SceneFlow,DEFOM-Stereo,ViT-L SceneFlow,Experiment_2_009,9,SERV-CT valid mask; legacy metrics may also exclude invalid model predictions,414720,3.898509740829468,11.575000762939451,63.50959683641976,37.36665702160494,,8.22651427469136,4.554248809814453,10.331295013427734,71.20442708333333,51.11135223765432,,18.294753086419757,/home/pampaj/Desktop/stereo/DEFOM-Stereo/output_servct_eval_defom_vitl_sceneflow/metrics.csv
SERV-CT honest_test,DEFOM-Stereo ViT-L SceneFlow,DEFOM-Stereo,ViT-L SceneFlow,Experiment_2_010,10,SERV-CT valid mask; legacy metrics may also exclude invalid model predictions,414720,27.746036529541016,57.29594421386719,67.38233024691358,48.13633294753086,,35.55290316358025,13.932479858398438,22.884397506713867,77.17230902777777,60.35951967592592,,42.60850694444444,/home/pampaj/Desktop/stereo/DEFOM-Stereo/output_servct_eval_defom_vitl_sceneflow/metrics.csv
SERV-CT honest_test,DEFOM-Stereo ViT-L SceneFlow,DEFOM-Stereo,ViT-L SceneFlow,Experiment_2_011,11,SERV-CT valid mask; legacy metrics may also exclude invalid model predictions,414720,10.19546890258789,26.351045608520508,72.23090277777777,40.88059413580247,,18.39771412037037,8.479193687438965,17.966211318969727,82.42259837962963,59.26167052469136,,23.2518325617284,/home/pampaj/Desktop/stereo/DEFOM-Stereo/output_servct_eval_defom_vitl_sceneflow/metrics.csv
SERV-CT honest_test,DEFOM-Stereo ViT-L SceneFlow,DEFOM-Stereo,ViT-L SceneFlow,Experiment_2_012,12,SERV-CT valid mask; legacy metrics may also exclude invalid model predictions,414720,2.716939210891724,10.36181926727295,40.25221836419753,21.87596450617284,,5.1092303240740735,2.413754940032959,5.451594829559326,52.74715470679012,30.407503858024693,,9.47241512345679,/home/pampaj/Desktop/stereo/DEFOM-Stereo/output_servct_eval_defom_vitl_sceneflow/metrics.csv
SERV-CT honest_test,DEFOM-Stereo ViT-L SceneFlow,DEFOM-Stereo,ViT-L SceneFlow,Experiment_2_013,13,SERV-CT valid mask; legacy metrics may also exclude invalid model predictions,414720,15.045811653137209,40.19953918457031,71.82243441358025,48.12475887345679,,27.726900077160494,8.30377197265625,16.453275680541992,58.14621913580247,40.65972222222222,,27.545331790123456,/home/pampaj/Desktop/stereo/DEFOM-Stereo/output_servct_eval_defom_vitl_sceneflow/metrics.csv
SERV-CT honest_test,DEFOM-Stereo ViT-L SceneFlow,DEFOM-Stereo,ViT-L SceneFlow,Experiment_2_014,14,SERV-CT valid mask; legacy metrics may also exclude invalid model predictions,414720,3.008249282836914,8.527522087097168,33.73312114197531,16.336323302469136,,9.68460648148148,2.214294910430908,6.565860271453857,15.675154320987655,10.77811535493827,,8.890335648148149,/home/pampaj/Desktop/stereo/DEFOM-Stereo/output_servct_eval_defom_vitl_sceneflow/metrics.csv
SERV-CT honest_test,DEFOM-Stereo ViT-L SceneFlow,DEFOM-Stereo,ViT-L SceneFlow,Experiment_2_015,15,SERV-CT valid mask; legacy metrics may also exclude invalid model predictions,414720,1.5088577270507812,4.635603427886963,36.97386188271605,10.679735725308642,,2.7334104938271606,1.9875919818878172,3.2711875438690186,56.875723379629626,31.926118827160494,,6.430362654320988,/home/pampaj/Desktop/stereo/DEFOM-Stereo/output_servct_eval_defom_vitl_sceneflow/metrics.csv
SERV-CT honest_test,DEFOM-Stereo ViT-L SceneFlow,DEFOM-Stereo,ViT-L SceneFlow,Experiment_2_016,16,SERV-CT valid mask; legacy metrics may also exclude invalid model predictions,414720,2.866157293319702,7.421510696411133,68.39674961419753,35.08680555555556,,8.188898533950617,1.4685760736465454,3.62955093383789,32.1412037037037,11.372251157407408,,4.855082947530864,/home/pampaj/Desktop/stereo/DEFOM-Stereo/output_servct_eval_defom_vitl_sceneflow/metrics.csv
SERV-CT honest_test,MonSter++ MixAll i16,MonSter++,MixAll i16,Experiment_2_009,9,SERV-CT valid mask; legacy metrics may also exclude invalid model predictions,414720,1.9944034814834597,5.040280818939209,40.44897762345679,20.58207947530864,,4.558979552469135,2.67446231842041,4.994049549102783,51.62639853395061,30.69251543209877,,13.838493441358024,/home/pampaj/Desktop/stereo/MonSter-plusplus/MonSter++/output_servct_eval_monsterpp_mixall_i16/metrics.csv
SERV-CT honest_test,MonSter++ MixAll i16,MonSter++,MixAll i16,Experiment_2_010,10,SERV-CT valid mask; legacy metrics may also exclude invalid model predictions,414720,1.621535062789917,2.4067916870117188,58.606770833333336,28.22145061728395,,1.5439332561728394,2.2750914096832275,3.2745361328125,70.25993441358025,42.04764660493827,,9.040557484567902,/home/pampaj/Desktop/stereo/MonSter-plusplus/MonSter++/output_servct_eval_monsterpp_mixall_i16/metrics.csv
SERV-CT honest_test,MonSter++ MixAll i16,MonSter++,MixAll i16,Experiment_2_011,11,SERV-CT valid mask; legacy metrics may also exclude invalid model predictions,414720,1.0763229131698608,1.4999150037765503,44.66820987654321,6.870177469135802,,1.5641878858024691,1.473836064338684,1.8252267837524412,63.23326581790123,26.037808641975307,,1.482445987654321,/home/pampaj/Desktop/stereo/MonSter-plusplus/MonSter++/output_servct_eval_monsterpp_mixall_i16/metrics.csv
SERV-CT honest_test,MonSter++ MixAll i16,MonSter++,MixAll i16,Experiment_2_012,12,SERV-CT valid mask; legacy metrics may also exclude invalid model predictions,414720,0.9981553554534912,2.538827657699585,25.82392939814815,5.061728395061729,,1.794945987654321,1.2344534397125244,2.184238910675049,40.37808641975308,15.322868441358024,,1.806520061728395,/home/pampaj/Desktop/stereo/MonSter-plusplus/MonSter++/output_servct_eval_monsterpp_mixall_i16/metrics.csv
SERV-CT honest_test,MonSter++ MixAll i16,MonSter++,MixAll i16,Experiment_2_013,13,SERV-CT valid mask; legacy metrics may also exclude invalid model predictions,414720,1.9122154712677,3.5012340545654297,58.98533950617284,26.26639660493827,,5.867814429012346,1.634012222290039,3.048586130142212,45.82561728395061,20.203269675925924,,5.711805555555555,/home/pampaj/Desktop/stereo/MonSter-plusplus/MonSter++/output_servct_eval_monsterpp_mixall_i16/metrics.csv
SERV-CT honest_test,MonSter++ MixAll i16,MonSter++,MixAll i16,Experiment_2_014,14,SERV-CT valid mask; legacy metrics may also exclude invalid model predictions,414720,3.658060312271118,8.395285606384277,39.58550347222222,25.708429783950614,,15.027247299382717,2.7258076667785645,7.015837669372559,22.836612654320987,17.746913580246915,,12.115403163580249,/home/pampaj/Desktop/stereo/MonSter-plusplus/MonSter++/output_servct_eval_monsterpp_mixall_i16/metrics.csv
SERV-CT honest_test,MonSter++ MixAll i16,MonSter++,MixAll i16,Experiment_2_015,15,SERV-CT valid mask; legacy metrics may also exclude invalid model predictions,414720,0.6541762351989746,0.967815399169922,19.801311728395063,3.661265432098765,,0.2915219907407407,1.2611973285675049,1.9584033489227293,42.4708236882716,18.134403935185187,,2.55883487654321,/home/pampaj/Desktop/stereo/MonSter-plusplus/MonSter++/output_servct_eval_monsterpp_mixall_i16/metrics.csv
SERV-CT honest_test,MonSter++ MixAll i16,MonSter++,MixAll i16,Experiment_2_016,16,SERV-CT valid mask; legacy metrics may also exclude invalid model predictions,414720,1.9575268030166624,3.449934244155884,66.0862750771605,27.919801311728392,,5.360243055555555,1.1149519681930542,2.418984651565552,26.38961226851852,8.777729552469134,,2.6340663580246915,/home/pampaj/Desktop/stereo/MonSter-plusplus/MonSter++/output_servct_eval_monsterpp_mixall_i16/metrics.csv
SERV-CT honest_test,MonSter++ MixAll,MonSter++,MixAll,Experiment_2_009,9,SERV-CT valid mask; legacy metrics may also exclude invalid model predictions,414720,1.989617943763733,5.892665386199951,38.08569637345679,16.299672067901234,,4.37572337962963,2.5484859943389893,5.833696842193604,50.98500192901234,27.219810956790123,,11.185136959876544,/home/pampaj/Desktop/stereo/MonSter-plusplus/MonSter++/output_servct_eval_monsterpp_mixall/metrics.csv
SERV-CT honest_test,MonSter++ MixAll,MonSter++,MixAll,Experiment_2_010,10,SERV-CT valid mask; legacy metrics may also exclude invalid model predictions,414720,1.5977880954742432,2.439209461212158,56.81061921296296,28.038917824074076,,1.4988425925925926,2.302661657333374,3.4302978515625,68.58338155864197,41.26832561728395,,10.676359953703704,/home/pampaj/Desktop/stereo/MonSter-plusplus/MonSter++/output_servct_eval_monsterpp_mixall/metrics.csv
SERV-CT honest_test,MonSter++ MixAll,MonSter++,MixAll,Experiment_2_011,11,SERV-CT valid mask; legacy metrics may also exclude invalid model predictions,414720,1.015412449836731,1.3778966665267944,44.32605131172839,6.733940972222221,,1.1005015432098764,1.4347164630889893,1.7810215950012207,61.21793016975309,24.85050154320988,,0.943528163580247,/home/pampaj/Desktop/stereo/MonSter-plusplus/MonSter++/output_servct_eval_monsterpp_mixall/metrics.csv
SERV-CT honest_test,MonSter++ MixAll,MonSter++,MixAll,Experiment_2_012,12,SERV-CT valid mask; legacy metrics may also exclude invalid model predictions,414720,0.9930078387260436,2.026082992553711,29.067081404320987,8.098717206790123,,1.7674575617283952,1.2764098644256592,1.9982532262802124,46.513069058641975,17.32687114197531,,1.7884355709876545,/home/pampaj/Desktop/stereo/MonSter-plusplus/MonSter++/output_servct_eval_monsterpp_mixall/metrics.csv
SERV-CT honest_test,MonSter++ MixAll,MonSter++,MixAll,Experiment_2_013,13,SERV-CT valid mask; legacy metrics may also exclude invalid model predictions,414720,1.5502934455871582,2.730268955230713,52.48746141975309,21.494743441358025,,3.1650270061728394,1.3392744064331057,2.447067975997925,42.15277777777778,17.331452546296298,,2.1527777777777777,/home/pampaj/Desktop/stereo/MonSter-plusplus/MonSter++/output_servct_eval_monsterpp_mixall/metrics.csv
SERV-CT honest_test,MonSter++ MixAll,MonSter++,MixAll,Experiment_2_014,14,SERV-CT valid mask; legacy metrics may also exclude invalid model predictions,414720,4.337584018707275,10.062326431274414,44.18716242283951,25.890962577160494,,16.555989583333332,3.1079037189483643,7.950839996337891,23.265817901234566,19.009934413580247,,13.49464699074074,/home/pampaj/Desktop/stereo/MonSter-plusplus/MonSter++/output_servct_eval_monsterpp_mixall/metrics.csv
SERV-CT honest_test,MonSter++ MixAll,MonSter++,MixAll,Experiment_2_015,15,SERV-CT valid mask; legacy metrics may also exclude invalid model predictions,414720,0.7138490080833435,1.0344144105911257,24.66579861111111,5.15576774691358,,0.2174961419753086,1.4604886770248413,2.237504005432129,44.65977044753087,24.12037037037037,,4.241174768518519,/home/pampaj/Desktop/stereo/MonSter-plusplus/MonSter++/output_servct_eval_monsterpp_mixall/metrics.csv
SERV-CT honest_test,MonSter++ MixAll,MonSter++,MixAll,Experiment_2_016,16,SERV-CT valid mask; legacy metrics may also exclude invalid model predictions,414720,2.1169967651367188,3.8974199295043945,63.06110146604939,28.876591435185183,,7.314814814814814,1.1967613697052002,2.6529998779296875,27.118055555555557,10.500819830246911,,3.648726851851852,/home/pampaj/Desktop/stereo/MonSter-plusplus/MonSter++/output_servct_eval_monsterpp_mixall/metrics.csv
SERV-CT honest_test,RT-MonSter++ zero-shot,RT-MonSter++,zero-shot,Experiment_2_009,9,SERV-CT valid mask; legacy metrics may also exclude invalid model predictions,414720,2.27258849143982,4.883158206939697,54.99397183641975,30.47067901234568,,7.659866898148149,3.134542465209961,5.108157157897949,64.56910686728395,41.18875385802469,,20.338059413580247,/home/pampaj/Desktop/stereo/MonSter-plusplus/RT-MonSter++/output_servct_eval_rtmonster_zeroshot/metrics.csv
SERV-CT honest_test,RT-MonSter++ zero-shot,RT-MonSter++,zero-shot,Experiment_2_010,10,SERV-CT valid mask; legacy metrics may also exclude invalid model predictions,414720,1.800237774848938,2.644932270050049,60.39086612654321,31.843894675925927,,5.775221836419753,2.613382339477539,3.714821815490722,72.63768325617283,44.534625771604944,,14.998312114197532,/home/pampaj/Desktop/stereo/MonSter-plusplus/RT-MonSter++/output_servct_eval_rtmonster_zeroshot/metrics.csv
SERV-CT honest_test,RT-MonSter++ zero-shot,RT-MonSter++,zero-shot,Experiment_2_011,11,SERV-CT valid mask; legacy metrics may also exclude invalid model predictions,414720,1.2290645837783811,1.8130584955215452,46.99918016975309,16.11352237654321,,1.922260802469136,1.6962776184082031,2.2988970279693604,63.93590856481482,31.5673225308642,,3.82957175925926,/home/pampaj/Desktop/stereo/MonSter-plusplus/RT-MonSter++/output_servct_eval_rtmonster_zeroshot/metrics.csv
SERV-CT honest_test,RT-MonSter++ zero-shot,RT-MonSter++,zero-shot,Experiment_2_012,12,SERV-CT valid mask; legacy metrics may also exclude invalid model predictions,414720,0.9066832661628724,1.1814786195755005,35.87745949074074,9.29663387345679,,0.0460551697530864,1.314693808555603,1.7097530364990234,50.97029320987654,20.96257716049383,,0.6532118055555556,/home/pampaj/Desktop/stereo/MonSter-plusplus/RT-MonSter++/output_servct_eval_rtmonster_zeroshot/metrics.csv
SERV-CT honest_test,RT-MonSter++ zero-shot,RT-MonSter++,zero-shot,Experiment_2_013,13,SERV-CT valid mask; legacy metrics may also exclude invalid model predictions,414720,1.3332103490829468,1.8358639478683472,48.66970486111112,23.034818672839503,,1.9733796296296295,1.1998261213302612,1.7469834089279177,41.07711226851852,20.34095293209877,,1.7071759259259258,/home/pampaj/Desktop/stereo/MonSter-plusplus/RT-MonSter++/output_servct_eval_rtmonster_zeroshot/metrics.csv
SERV-CT honest_test,RT-MonSter++ zero-shot,RT-MonSter++,zero-shot,Experiment_2_014,14,SERV-CT valid mask; legacy metrics may also exclude invalid model predictions,414720,4.147583961486816,8.81569766998291,52.43296682098766,31.64279513888889,,17.91377314814815,2.95703125,7.229114532470703,26.471354166666668,20.007474922839503,,13.08666087962963,/home/pampaj/Desktop/stereo/MonSter-plusplus/RT-MonSter++/output_servct_eval_rtmonster_zeroshot/metrics.csv
SERV-CT honest_test,RT-MonSter++ zero-shot,RT-MonSter++,zero-shot,Experiment_2_015,15,SERV-CT valid mask; legacy metrics may also exclude invalid model predictions,414720,0.8776941299438477,1.3563753366470337,30.66068672839506,8.271604938271606,,1.2690489969135803,1.4945216178894043,2.238367795944214,51.56442901234568,24.33497299382716,,2.775607638888889,/home/pampaj/Desktop/stereo/MonSter-plusplus/RT-MonSter++/output_servct_eval_rtmonster_zeroshot/metrics.csv
SERV-CT honest_test,RT-MonSter++ zero-shot,RT-MonSter++,zero-shot,Experiment_2_016,16,SERV-CT valid mask; legacy metrics may also exclude invalid model predictions,414720,1.7786054611206057,2.900221347808838,66.0081500771605,24.867380401234566,,3.82908950617284,0.9906001091003418,2.037405490875244,23.990644290123456,6.605661651234568,,1.9314236111111112,/home/pampaj/Desktop/stereo/MonSter-plusplus/RT-MonSter++/output_servct_eval_rtmonster_zeroshot/metrics.csv
