dataset_id,keyframe_id,frame_id,left_path,right_path,depth_float32_path,disparity_float32_path,valid_mask_path,calibration_path,valid_pixel_ratio,depth_median_mm,depth_p95_mm,disp_median_px,disp_p95_px,notes
dataset_1,keyframe_1,0,stereo/Fast-FoundationStereo/data/surgical_stereo/scared_warped/dataset_1/keyframe_1/Left_rectified/frame_000000.png,stereo/Fast-FoundationStereo/data/surgical_stereo/scared_warped/dataset_1/keyframe_1/Right_rectified/frame_000000.png,stereo/Fast-FoundationStereo/data/surgical_stereo/scared_warped/dataset_1/keyframe_1/Reference_SCARED_Warped/DepthL_float32/frame_000000.npy,stereo/Fast-FoundationStereo/data/surgical_stereo/scared_warped/dataset_1/keyframe_1/Reference_SCARED_Warped/Disparity_float32/frame_000000.npy,stereo/Fast-FoundationStereo/data/surgical_stereo/scared_warped/dataset_1/keyframe_1/Reference_SCARED_Warped/ValidMask/frame_000000.npy,stereo/Fast-FoundationStereo/data/surgical_stereo/scared_warped/dataset_1/keyframe_1/Rectified_calibration/frame_000000.json,0.7380203247070313,58.959075927734375,75.27852630615234,78.73625946044922,89.49723052978516,
dataset_1,keyframe_1,1,stereo/Fast-FoundationStereo/data/surgical_stereo/scared_warped/dataset_1/keyframe_1/Left_rectified/frame_000001.png,stereo/Fast-FoundationStereo/data/surgical_stereo/scared_warped/dataset_1/keyframe_1/Right_rectified/frame_000001.png,stereo/Fast-FoundationStereo/data/surgical_stereo/scared_warped/dataset_1/keyframe_1/Reference_SCARED_Warped/DepthL_float32/frame_000001.npy,stereo/Fast-FoundationStereo/data/surgical_stereo/scared_warped/dataset_1/keyframe_1/Reference_SCARED_Warped/Disparity_float32/frame_000001.npy,stereo/Fast-FoundationStereo/data/surgical_stereo/scared_warped/dataset_1/keyframe_1/Reference_SCARED_Warped/ValidMask/frame_000001.npy,stereo/Fast-FoundationStereo/data/surgical_stereo/scared_warped/dataset_1/keyframe_1/Rectified_calibration/frame_000001.json,0.7347953796386719,59.245845794677734,75.53016662597656,78.35515594482422,89.02230834960938,
dataset_1,keyframe_1,2,stereo/Fast-FoundationStereo/data/surgical_stereo/scared_warped/dataset_1/keyframe_1/Left_rectified/frame_000002.png,stereo/Fast-FoundationStereo/data/surgical_stereo/scared_warped/dataset_1/keyframe_1/Right_rectified/frame_000002.png,stereo/Fast-FoundationStereo/data/surgical_stereo/scared_warped/dataset_1/keyframe_1/Reference_SCARED_Warped/DepthL_float32/frame_000002.npy,stereo/Fast-FoundationStereo/data/surgical_stereo/scared_warped/dataset_1/keyframe_1/Reference_SCARED_Warped/Disparity_float32/frame_000002.npy,stereo/Fast-FoundationStereo/data/surgical_stereo/scared_warped/dataset_1/keyframe_1/Reference_SCARED_Warped/ValidMask/frame_000002.npy,stereo/Fast-FoundationStereo/data/surgical_stereo/scared_warped/dataset_1/keyframe_1/Rectified_calibration/frame_000002.json,0.7300178527832031,59.55276870727539,75.79329681396484,77.95132446289062,88.52571105957031,
dataset_1,keyframe_1,3,stereo/Fast-FoundationStereo/data/surgical_stereo/scared_warped/dataset_1/keyframe_1/Left_rectified/frame_000003.png,stereo/Fast-FoundationStereo/data/surgical_stereo/scared_warped/dataset_1/keyframe_1/Right_rectified/frame_000003.png,stereo/Fast-FoundationStereo/data/surgical_stereo/scared_warped/dataset_1/keyframe_1/Reference_SCARED_Warped/DepthL_float32/frame_000003.npy,stereo/Fast-FoundationStereo/data/surgical_stereo/scared_warped/dataset_1/keyframe_1/Reference_SCARED_Warped/Disparity_float32/frame_000003.npy,stereo/Fast-FoundationStereo/data/surgical_stereo/scared_warped/dataset_1/keyframe_1/Reference_SCARED_Warped/ValidMask/frame_000003.npy,stereo/Fast-FoundationStereo/data/surgical_stereo/scared_warped/dataset_1/keyframe_1/Rectified_calibration/frame_000003.json,0.7256317138671875,59.87511444091797,76.08023834228516,77.53166198730469,88.01577758789062,
dataset_1,keyframe_1,4,stereo/Fast-FoundationStereo/data/surgical_stereo/scared_warped/dataset_1/keyframe_1/Left_rectified/frame_000004.png,stereo/Fast-FoundationStereo/data/surgical_stereo/scared_warped/dataset_1/keyframe_1/Right_rectified/frame_000004.png,stereo/Fast-FoundationStereo/data/surgical_stereo/scared_warped/dataset_1/keyframe_1/Reference_SCARED_Warped/DepthL_float32/frame_000004.npy,stereo/Fast-FoundationStereo/data/surgical_stereo/scared_warped/dataset_1/keyframe_1/Reference_SCARED_Warped/Disparity_float32/frame_000004.npy,stereo/Fast-FoundationStereo/data/surgical_stereo/scared_warped/dataset_1/keyframe_1/Reference_SCARED_Warped/ValidMask/frame_000004.npy,stereo/Fast-FoundationStereo/data/surgical_stereo/scared_warped/dataset_1/keyframe_1/Rectified_calibration/frame_000004.json,0.7222496032714844,60.169681549072266,76.34678649902344,77.152099609375,87.56026458740234,
dataset_1,keyframe_1,5,stereo/Fast-FoundationStereo/data/surgical_stereo/scared_warped/dataset_1/keyframe_1/Left_rectified/frame_000005.png,stereo/Fast-FoundationStereo/data/surgical_stereo/scared_warped/dataset_1/keyframe_1/Right_rectified/frame_000005.png,stereo/Fast-FoundationStereo/data/surgical_stereo/scared_warped/dataset_1/keyframe_1/Reference_SCARED_Warped/DepthL_float32/frame_000005.npy,stereo/Fast-FoundationStereo/data/surgical_stereo/scared_warped/dataset_1/keyframe_1/Reference_SCARED_Warped/Disparity_float32/frame_000005.npy,stereo/Fast-FoundationStereo/data/surgical_stereo/scared_warped/dataset_1/keyframe_1/Reference_SCARED_Warped/ValidMask/frame_000005.npy,stereo/Fast-FoundationStereo/data/surgical_stereo/scared_warped/dataset_1/keyframe_1/Rectified_calibration/frame_000005.json,0.7187454223632812,60.447593688964844,76.60859680175781,76.79739379882812,87.13426971435547,
dataset_1,keyframe_1,6,stereo/Fast-FoundationStereo/data/surgical_stereo/scared_warped/dataset_1/keyframe_1/Left_rectified/frame_000006.png,stereo/Fast-FoundationStereo/data/surgical_stereo/scared_warped/dataset_1/keyframe_1/Right_rectified/frame_000006.png,stereo/Fast-FoundationStereo/data/surgical_stereo/scared_warped/dataset_1/keyframe_1/Reference_SCARED_Warped/DepthL_float32/frame_000006.npy,stereo/Fast-FoundationStereo/data/surgical_stereo/scared_warped/dataset_1/keyframe_1/Reference_SCARED_Warped/Disparity_float32/frame_000006.npy,stereo/Fast-FoundationStereo/data/surgical_stereo/scared_warped/dataset_1/keyframe_1/Reference_SCARED_Warped/ValidMask/frame_000006.npy,stereo/Fast-FoundationStereo/data/surgical_stereo/scared_warped/dataset_1/keyframe_1/Rectified_calibration/frame_000006.json,0.7156745910644531,60.71078872680664,76.85882568359375,76.4644546508789,86.73171997070312,
dataset_1,keyframe_1,7,stereo/Fast-FoundationStereo/data/surgical_stereo/scared_warped/dataset_1/keyframe_1/Left_rectified/frame_000007.png,stereo/Fast-FoundationStereo/data/surgical_stereo/scared_warped/dataset_1/keyframe_1/Right_rectified/frame_000007.png,stereo/Fast-FoundationStereo/data/surgical_stereo/scared_warped/dataset_1/keyframe_1/Reference_SCARED_Warped/DepthL_float32/frame_000007.npy,stereo/Fast-FoundationStereo/data/surgical_stereo/scared_warped/dataset_1/keyframe_1/Reference_SCARED_Warped/Disparity_float32/frame_000007.npy,stereo/Fast-FoundationStereo/data/surgical_stereo/scared_warped/dataset_1/keyframe_1/Reference_SCARED_Warped/ValidMask/frame_000007.npy,stereo/Fast-FoundationStereo/data/surgical_stereo/scared_warped/dataset_1/keyframe_1/Rectified_calibration/frame_000007.json,0.71199951171875,61.00852966308594,77.13760375976562,76.09127807617188,86.27677154541016,
dataset_1,keyframe_1,8,stereo/Fast-FoundationStereo/data/surgical_stereo/scared_warped/dataset_1/keyframe_1/Left_rectified/frame_000008.png,stereo/Fast-FoundationStereo/data/surgical_stereo/scared_warped/dataset_1/keyframe_1/Right_rectified/frame_000008.png,stereo/Fast-FoundationStereo/data/surgical_stereo/scared_warped/dataset_1/keyframe_1/Reference_SCARED_Warped/DepthL_float32/frame_000008.npy,stereo/Fast-FoundationStereo/data/surgical_stereo/scared_warped/dataset_1/keyframe_1/Reference_SCARED_Warped/Disparity_float32/frame_000008.npy,stereo/Fast-FoundationStereo/data/surgical_stereo/scared_warped/dataset_1/keyframe_1/Reference_SCARED_Warped/ValidMask/frame_000008.npy,stereo/Fast-FoundationStereo/data/surgical_stereo/scared_warped/dataset_1/keyframe_1/Rectified_calibration/frame_000008.json,0.7065544128417969,61.32335662841797,77.42781066894531,75.70063781738281,85.80928039550781,
dataset_1,keyframe_1,9,stereo/Fast-FoundationStereo/data/surgical_stereo/scared_warped/dataset_1/keyframe_1/Left_rectified/frame_000009.png,stereo/Fast-FoundationStereo/data/surgical_stereo/scared_warped/dataset_1/keyframe_1/Right_rectified/frame_000009.png,stereo/Fast-FoundationStereo/data/surgical_stereo/scared_warped/dataset_1/keyframe_1/Reference_SCARED_Warped/DepthL_float32/frame_000009.npy,stereo/Fast-FoundationStereo/data/surgical_stereo/scared_warped/dataset_1/keyframe_1/Reference_SCARED_Warped/Disparity_float32/frame_000009.npy,stereo/Fast-FoundationStereo/data/surgical_stereo/scared_warped/dataset_1/keyframe_1/Reference_SCARED_Warped/ValidMask/frame_000009.npy,stereo/Fast-FoundationStereo/data/surgical_stereo/scared_warped/dataset_1/keyframe_1/Rectified_calibration/frame_000009.json,0.7023002624511718,61.5936393737793,77.69376373291016,75.36845397949219,85.40755462646484,
dataset_1,keyframe_1,10,stereo/Fast-FoundationStereo/data/surgical_stereo/scared_warped/dataset_1/keyframe_1/Left_rectified/frame_000010.png,stereo/Fast-FoundationStereo/data/surgical_stereo/scared_warped/dataset_1/keyframe_1/Right_rectified/frame_000010.png,stereo/Fast-FoundationStereo/data/surgical_stereo/scared_warped/dataset_1/keyframe_1/Reference_SCARED_Warped/DepthL_float32/frame_000010.npy,stereo/Fast-FoundationStereo/data/surgical_stereo/scared_warped/dataset_1/keyframe_1/Reference_SCARED_Warped/Disparity_float32/frame_000010.npy,stereo/Fast-FoundationStereo/data/surgical_stereo/scared_warped/dataset_1/keyframe_1/Reference_SCARED_Warped/ValidMask/frame_000010.npy,stereo/Fast-FoundationStereo/data/surgical_stereo/scared_warped/dataset_1/keyframe_1/Rectified_calibration/frame_000010.json,0.6991928100585938,61.85590362548828,77.97301483154297,75.04888916015625,85.00283813476562,
dataset_1,keyframe_1,11,stereo/Fast-FoundationStereo/data/surgical_stereo/scared_warped/dataset_1/keyframe_1/Left_rectified/frame_000011.png,stereo/Fast-FoundationStereo/data/surgical_stereo/scared_warped/dataset_1/keyframe_1/Right_rectified/frame_000011.png,stereo/Fast-FoundationStereo/data/surgical_stereo/scared_warped/dataset_1/keyframe_1/Reference_SCARED_Warped/DepthL_float32/frame_000011.npy,stereo/Fast-FoundationStereo/data/surgical_stereo/scared_warped/dataset_1/keyframe_1/Reference_SCARED_Warped/Disparity_float32/frame_000011.npy,stereo/Fast-FoundationStereo/data/surgical_stereo/scared_warped/dataset_1/keyframe_1/Reference_SCARED_Warped/ValidMask/frame_000011.npy,stereo/Fast-FoundationStereo/data/surgical_stereo/scared_warped/dataset_1/keyframe_1/Rectified_calibration/frame_000011.json,0.6990264892578125,62.01140594482422,78.16511535644531,74.86070251464844,84.74906158447266,
dataset_1,keyframe_2,0,stereo/Fast-FoundationStereo/data/surgical_stereo/scared_warped/dataset_1/keyframe_2/Left_rectified/frame_000000.png,stereo/Fast-FoundationStereo/data/surgical_stereo/scared_warped/dataset_1/keyframe_2/Right_rectified/frame_000000.png,stereo/Fast-FoundationStereo/data/surgical_stereo/scared_warped/dataset_1/keyframe_2/Reference_SCARED_Warped/DepthL_float32/frame_000000.npy,stereo/Fast-FoundationStereo/data/surgical_stereo/scared_warped/dataset_1/keyframe_2/Reference_SCARED_Warped/Disparity_float32/frame_000000.npy,stereo/Fast-FoundationStereo/data/surgical_stereo/scared_warped/dataset_1/keyframe_2/Reference_SCARED_Warped/ValidMask/frame_000000.npy,stereo/Fast-FoundationStereo/data/surgical_stereo/scared_warped/dataset_1/keyframe_2/Rectified_calibration/frame_000000.json,0.8044136047363282,76.25582122802734,89.0215072631836,60.87689208984375,66.34139251708984,
dataset_1,keyframe_2,1,stereo/Fast-FoundationStereo/data/surgical_stereo/scared_warped/dataset_1/keyframe_2/Left_rectified/frame_000001.png,stereo/Fast-FoundationStereo/data/surgical_stereo/scared_warped/dataset_1/keyframe_2/Right_rectified/frame_000001.png,stereo/Fast-FoundationStereo/data/surgical_stereo/scared_warped/dataset_1/keyframe_2/Reference_SCARED_Warped/DepthL_float32/frame_000001.npy,stereo/Fast-FoundationStereo/data/surgical_stereo/scared_warped/dataset_1/keyframe_2/Reference_SCARED_Warped/Disparity_float32/frame_000001.npy,stereo/Fast-FoundationStereo/data/surgical_stereo/scared_warped/dataset_1/keyframe_2/Reference_SCARED_Warped/ValidMask/frame_000001.npy,stereo/Fast-FoundationStereo/data/surgical_stereo/scared_warped/dataset_1/keyframe_2/Rectified_calibration/frame_000001.json,0.7943862915039063,76.12657165527344,88.93317413330078,60.98025131225586,66.47914123535156,
dataset_1,keyframe_2,2,stereo/Fast-FoundationStereo/data/surgical_stereo/scared_warped/dataset_1/keyframe_2/Left_rectified/frame_000002.png,stereo/Fast-FoundationStereo/data/surgical_stereo/scared_warped/dataset_1/keyframe_2/Right_rectified/frame_000002.png,stereo/Fast-FoundationStereo/data/surgical_stereo/scared_warped/dataset_1/keyframe_2/Reference_SCARED_Warped/DepthL_float32/frame_000002.npy,stereo/Fast-FoundationStereo/data/surgical_stereo/scared_warped/dataset_1/keyframe_2/Reference_SCARED_Warped/Disparity_float32/frame_000002.npy,stereo/Fast-FoundationStereo/data/surgical_stereo/scared_warped/dataset_1/keyframe_2/Reference_SCARED_Warped/ValidMask/frame_000002.npy,stereo/Fast-FoundationStereo/data/surgical_stereo/scared_warped/dataset_1/keyframe_2/Rectified_calibration/frame_000002.json,0.7936561584472657,76.07012176513672,88.93128967285156,61.0255012512207,66.5649642944336,
dataset_1,keyframe_2,3,stereo/Fast-FoundationStereo/data/surgical_stereo/scared_warped/dataset_1/keyframe_2/Left_rectified/frame_000003.png,stereo/Fast-FoundationStereo/data/surgical_stereo/scared_warped/dataset_1/keyframe_2/Right_rectified/frame_000003.png,stereo/Fast-FoundationStereo/data/surgical_stereo/scared_warped/dataset_1/keyframe_2/Reference_SCARED_Warped/DepthL_float32/frame_000003.npy,stereo/Fast-FoundationStereo/data/surgical_stereo/scared_warped/dataset_1/keyframe_2/Reference_SCARED_Warped/Disparity_float32/frame_000003.npy,stereo/Fast-FoundationStereo/data/surgical_stereo/scared_warped/dataset_1/keyframe_2/Reference_SCARED_Warped/ValidMask/frame_000003.npy,stereo/Fast-FoundationStereo/data/surgical_stereo/scared_warped/dataset_1/keyframe_2/Rectified_calibration/frame_000003.json,0.7782325744628906,76.06297302246094,88.99433135986328,61.03123474121094,66.60765075683594,
dataset_1,keyframe_2,4,stereo/Fast-FoundationStereo/data/surgical_stereo/scared_warped/dataset_1/keyframe_2/Left_rectified/frame_000004.png,stereo/Fast-FoundationStereo/data/surgical_stereo/scared_warped/dataset_1/keyframe_2/Right_rectified/frame_000004.png,stereo/Fast-FoundationStereo/data/surgical_stereo/scared_warped/dataset_1/keyframe_2/Reference_SCARED_Warped/DepthL_float32/frame_000004.npy,stereo/Fast-FoundationStereo/data/surgical_stereo/scared_warped/dataset_1/keyframe_2/Reference_SCARED_Warped/Disparity_float32/frame_000004.npy,stereo/Fast-FoundationStereo/data/surgical_stereo/scared_warped/dataset_1/keyframe_2/Reference_SCARED_Warped/ValidMask/frame_000004.npy,stereo/Fast-FoundationStereo/data/surgical_stereo/scared_warped/dataset_1/keyframe_2/Rectified_calibration/frame_000004.json,0.7703536987304688,76.08560180664062,89.176513671875,61.01308822631836,66.63589477539062,
dataset_1,keyframe_2,5,stereo/Fast-FoundationStereo/data/surgical_stereo/scared_warped/dataset_1/keyframe_2/Left_rectified/frame_000005.png,stereo/Fast-FoundationStereo/data/surgical_stereo/scared_warped/dataset_1/keyframe_2/Right_rectified/frame_000005.png,stereo/Fast-FoundationStereo/data/surgical_stereo/scared_warped/dataset_1/keyframe_2/Reference_SCARED_Warped/DepthL_float32/frame_000005.npy,stereo/Fast-FoundationStereo/data/surgical_stereo/scared_warped/dataset_1/keyframe_2/Reference_SCARED_Warped/Disparity_float32/frame_000005.npy,stereo/Fast-FoundationStereo/data/surgical_stereo/scared_warped/dataset_1/keyframe_2/Reference_SCARED_Warped/ValidMask/frame_000005.npy,stereo/Fast-FoundationStereo/data/surgical_stereo/scared_warped/dataset_1/keyframe_2/Rectified_calibration/frame_000005.json,0.7614242553710937,76.10597229003906,89.413330078125,60.99675750732422,66.66614532470703,
dataset_1,keyframe_2,6,stereo/Fast-FoundationStereo/data/surgical_stereo/scared_warped/dataset_1/keyframe_2/Left_rectified/frame_000006.png,stereo/Fast-FoundationStereo/data/surgical_stereo/scared_warped/dataset_1/keyframe_2/Right_rectified/frame_000006.png,stereo/Fast-FoundationStereo/data/surgical_stereo/scared_warped/dataset_1/keyframe_2/Reference_SCARED_Warped/DepthL_float32/frame_000006.npy,stereo/Fast-FoundationStereo/data/surgical_stereo/scared_warped/dataset_1/keyframe_2/Reference_SCARED_Warped/Disparity_float32/frame_000006.npy,stereo/Fast-FoundationStereo/data/surgical_stereo/scared_warped/dataset_1/keyframe_2/Reference_SCARED_Warped/ValidMask/frame_000006.npy,stereo/Fast-FoundationStereo/data/surgical_stereo/scared_warped/dataset_1/keyframe_2/Rectified_calibration/frame_000006.json,0.7558662414550781,76.13030242919922,90.63508605957031,60.97726058959961,66.68705749511719,
dataset_1,keyframe_2,7,stereo/Fast-FoundationStereo/data/surgical_stereo/scared_warped/dataset_1/keyframe_2/Left_rectified/frame_000007.png,stereo/Fast-FoundationStereo/data/surgical_stereo/scared_warped/dataset_1/keyframe_2/Right_rectified/frame_000007.png,stereo/Fast-FoundationStereo/data/surgical_stereo/scared_warped/dataset_1/keyframe_2/Reference_SCARED_Warped/DepthL_float32/frame_000007.npy,stereo/Fast-FoundationStereo/data/surgical_stereo/scared_warped/dataset_1/keyframe_2/Reference_SCARED_Warped/Disparity_float32/frame_000007.npy,stereo/Fast-FoundationStereo/data/surgical_stereo/scared_warped/dataset_1/keyframe_2/Reference_SCARED_Warped/ValidMask/frame_000007.npy,stereo/Fast-FoundationStereo/data/surgical_stereo/scared_warped/dataset_1/keyframe_2/Rectified_calibration/frame_000007.json,0.7495307922363281,76.14437103271484,90.72061920166016,60.96599578857422,66.71670532226562,
dataset_1,keyframe_2,8,stereo/Fast-FoundationStereo/data/surgical_stereo/scared_warped/dataset_1/keyframe_2/Left_rectified/frame_000008.png,stereo/Fast-FoundationStereo/data/surgical_stereo/scared_warped/dataset_1/keyframe_2/Right_rectified/frame_000008.png,stereo/Fast-FoundationStereo/data/surgical_stereo/scared_warped/dataset_1/keyframe_2/Reference_SCARED_Warped/DepthL_float32/frame_000008.npy,stereo/Fast-FoundationStereo/data/surgical_stereo/scared_warped/dataset_1/keyframe_2/Reference_SCARED_Warped/Disparity_float32/frame_000008.npy,stereo/Fast-FoundationStereo/data/surgical_stereo/scared_warped/dataset_1/keyframe_2/Reference_SCARED_Warped/ValidMask/frame_000008.npy,stereo/Fast-FoundationStereo/data/surgical_stereo/scared_warped/dataset_1/keyframe_2/Rectified_calibration/frame_000008.json,0.7404129028320312,76.16136169433594,90.77595520019531,60.952396392822266,66.74030303955078,
dataset_1,keyframe_2,9,stereo/Fast-FoundationStereo/data/surgical_stereo/scared_warped/dataset_1/keyframe_2/Left_rectified/frame_000009.png,stereo/Fast-FoundationStereo/data/surgical_stereo/scared_warped/dataset_1/keyframe_2/Right_rectified/frame_000009.png,stereo/Fast-FoundationStereo/data/surgical_stereo/scared_warped/dataset_1/keyframe_2/Reference_SCARED_Warped/DepthL_float32/frame_000009.npy,stereo/Fast-FoundationStereo/data/surgical_stereo/scared_warped/dataset_1/keyframe_2/Reference_SCARED_Warped/Disparity_float32/frame_000009.npy,stereo/Fast-FoundationStereo/data/surgical_stereo/scared_warped/dataset_1/keyframe_2/Reference_SCARED_Warped/ValidMask/frame_000009.npy,stereo/Fast-FoundationStereo/data/surgical_stereo/scared_warped/dataset_1/keyframe_2/Rectified_calibration/frame_000009.json,0.7369010925292969,76.17767333984375,90.81266784667969,60.9393424987793,66.7527084350586,
dataset_1,keyframe_2,10,stereo/Fast-FoundationStereo/data/surgical_stereo/scared_warped/dataset_1/keyframe_2/Left_rectified/frame_000010.png,stereo/Fast-FoundationStereo/data/surgical_stereo/scared_warped/dataset_1/keyframe_2/Right_rectified/frame_000010.png,stereo/Fast-FoundationStereo/data/surgical_stereo/scared_warped/dataset_1/keyframe_2/Reference_SCARED_Warped/DepthL_float32/frame_000010.npy,stereo/Fast-FoundationStereo/data/surgical_stereo/scared_warped/dataset_1/keyframe_2/Reference_SCARED_Warped/Disparity_float32/frame_000010.npy,stereo/Fast-FoundationStereo/data/surgical_stereo/scared_warped/dataset_1/keyframe_2/Reference_SCARED_Warped/ValidMask/frame_000010.npy,stereo/Fast-FoundationStereo/data/surgical_stereo/scared_warped/dataset_1/keyframe_2/Rectified_calibration/frame_000010.json,0.7325004577636719,76.11255645751953,90.77424621582031,60.991477966308594,66.83594512939453,
dataset_1,keyframe_3,0,stereo/Fast-FoundationStereo/data/surgical_stereo/scared_warped/dataset_1/keyframe_3/Left_rectified/frame_000000.png,stereo/Fast-FoundationStereo/data/surgical_stereo/scared_warped/dataset_1/keyframe_3/Right_rectified/frame_000000.png,stereo/Fast-FoundationStereo/data/surgical_stereo/scared_warped/dataset_1/keyframe_3/Reference_SCARED_Warped/DepthL_float32/frame_000000.npy,stereo/Fast-FoundationStereo/data/surgical_stereo/scared_warped/dataset_1/keyframe_3/Reference_SCARED_Warped/Disparity_float32/frame_000000.npy,stereo/Fast-FoundationStereo/data/surgical_stereo/scared_warped/dataset_1/keyframe_3/Reference_SCARED_Warped/ValidMask/frame_000000.npy,stereo/Fast-FoundationStereo/data/surgical_stereo/scared_warped/dataset_1/keyframe_3/Rectified_calibration/frame_000000.json,0.8226844787597656,69.99874114990234,104.17243957519531,66.3185806274414,78.17887115478516,
dataset_1,keyframe_3,1,stereo/Fast-FoundationStereo/data/surgical_stereo/scared_warped/dataset_1/keyframe_3/Left_rectified/frame_000001.png,stereo/Fast-FoundationStereo/data/surgical_stereo/scared_warped/dataset_1/keyframe_3/Right_rectified/frame_000001.png,stereo/Fast-FoundationStereo/data/surgical_stereo/scared_warped/dataset_1/keyframe_3/Reference_SCARED_Warped/DepthL_float32/frame_000001.npy,stereo/Fast-FoundationStereo/data/surgical_stereo/scared_warped/dataset_1/keyframe_3/Reference_SCARED_Warped/Disparity_float32/frame_000001.npy,stereo/Fast-FoundationStereo/data/surgical_stereo/scared_warped/dataset_1/keyframe_3/Reference_SCARED_Warped/ValidMask/frame_000001.npy,stereo/Fast-FoundationStereo/data/surgical_stereo/scared_warped/dataset_1/keyframe_3/Rectified_calibration/frame_000001.json,0.8352157592773437,69.89985656738281,101.71055603027344,66.41239929199219,78.27557373046875,
dataset_1,keyframe_3,2,stereo/Fast-FoundationStereo/data/surgical_stereo/scared_warped/dataset_1/keyframe_3/Left_rectified/frame_000002.png,stereo/Fast-FoundationStereo/data/surgical_stereo/scared_warped/dataset_1/keyframe_3/Right_rectified/frame_000002.png,stereo/Fast-FoundationStereo/data/surgical_stereo/scared_warped/dataset_1/keyframe_3/Reference_SCARED_Warped/DepthL_float32/frame_000002.npy,stereo/Fast-FoundationStereo/data/surgical_stereo/scared_warped/dataset_1/keyframe_3/Reference_SCARED_Warped/Disparity_float32/frame_000002.npy,stereo/Fast-FoundationStereo/data/surgical_stereo/scared_warped/dataset_1/keyframe_3/Reference_SCARED_Warped/ValidMask/frame_000002.npy,stereo/Fast-FoundationStereo/data/surgical_stereo/scared_warped/dataset_1/keyframe_3/Rectified_calibration/frame_000002.json,0.8355094909667968,69.88506317138672,101.69496154785156,66.42646026611328,78.2922134399414,
dataset_1,keyframe_3,3,stereo/Fast-FoundationStereo/data/surgical_stereo/scared_warped/dataset_1/keyframe_3/Left_rectified/frame_000003.png,stereo/Fast-FoundationStereo/data/surgical_stereo/scared_warped/dataset_1/keyframe_3/Right_rectified/frame_000003.png,stereo/Fast-FoundationStereo/data/surgical_stereo/scared_warped/dataset_1/keyframe_3/Reference_SCARED_Warped/DepthL_float32/frame_000003.npy,stereo/Fast-FoundationStereo/data/surgical_stereo/scared_warped/dataset_1/keyframe_3/Reference_SCARED_Warped/Disparity_float32/frame_000003.npy,stereo/Fast-FoundationStereo/data/surgical_stereo/scared_warped/dataset_1/keyframe_3/Reference_SCARED_Warped/ValidMask/frame_000003.npy,stereo/Fast-FoundationStereo/data/surgical_stereo/scared_warped/dataset_1/keyframe_3/Rectified_calibration/frame_000003.json,0.8353729248046875,69.87460327148438,101.68659210205078,66.4364013671875,78.30753326416016,
dataset_1,keyframe_3,4,stereo/Fast-FoundationStereo/data/surgical_stereo/scared_warped/dataset_1/keyframe_3/Left_rectified/frame_000004.png,stereo/Fast-FoundationStereo/data/surgical_stereo/scared_warped/dataset_1/keyframe_3/Right_rectified/frame_000004.png,stereo/Fast-FoundationStereo/data/surgical_stereo/scared_warped/dataset_1/keyframe_3/Reference_SCARED_Warped/DepthL_float32/frame_000004.npy,stereo/Fast-FoundationStereo/data/surgical_stereo/scared_warped/dataset_1/keyframe_3/Reference_SCARED_Warped/Disparity_float32/frame_000004.npy,stereo/Fast-FoundationStereo/data/surgical_stereo/scared_warped/dataset_1/keyframe_3/Reference_SCARED_Warped/ValidMask/frame_000004.npy,stereo/Fast-FoundationStereo/data/surgical_stereo/scared_warped/dataset_1/keyframe_3/Rectified_calibration/frame_000004.json,0.8352302551269531,69.86442565917969,101.6781005859375,66.44608306884766,78.31957244873047,
dataset_1,keyframe_3,5,stereo/Fast-FoundationStereo/data/surgical_stereo/scared_warped/dataset_1/keyframe_3/Left_rectified/frame_000005.png,stereo/Fast-FoundationStereo/data/surgical_stereo/scared_warped/dataset_1/keyframe_3/Right_rectified/frame_000005.png,stereo/Fast-FoundationStereo/data/surgical_stereo/scared_warped/dataset_1/keyframe_3/Reference_SCARED_Warped/DepthL_float32/frame_000005.npy,stereo/Fast-FoundationStereo/data/surgical_stereo/scared_warped/dataset_1/keyframe_3/Reference_SCARED_Warped/Disparity_float32/frame_000005.npy,stereo/Fast-FoundationStereo/data/surgical_stereo/scared_warped/dataset_1/keyframe_3/Reference_SCARED_Warped/ValidMask/frame_000005.npy,stereo/Fast-FoundationStereo/data/surgical_stereo/scared_warped/dataset_1/keyframe_3/Rectified_calibration/frame_000005.json,0.8348854064941407,69.85930633544922,101.67228698730469,66.4509506225586,78.32695007324219,
dataset_1,keyframe_3,6,stereo/Fast-FoundationStereo/data/surgical_stereo/scared_warped/dataset_1/keyframe_3/Left_rectified/frame_000006.png,stereo/Fast-FoundationStereo/data/surgical_stereo/scared_warped/dataset_1/keyframe_3/Right_rectified/frame_000006.png,stereo/Fast-FoundationStereo/data/surgical_stereo/scared_warped/dataset_1/keyframe_3/Reference_SCARED_Warped/DepthL_float32/frame_000006.npy,stereo/Fast-FoundationStereo/data/surgical_stereo/scared_warped/dataset_1/keyframe_3/Reference_SCARED_Warped/Disparity_float32/frame_000006.npy,stereo/Fast-FoundationStereo/data/surgical_stereo/scared_warped/dataset_1/keyframe_3/Reference_SCARED_Warped/ValidMask/frame_000006.npy,stereo/Fast-FoundationStereo/data/surgical_stereo/scared_warped/dataset_1/keyframe_3/Rectified_calibration/frame_000006.json,0.83499755859375,69.85432434082031,101.67758178710938,66.4556884765625,78.33050537109375,
dataset_1,keyframe_3,7,stereo/Fast-FoundationStereo/data/surgical_stereo/scared_warped/dataset_1/keyframe_3/Left_rectified/frame_000007.png,stereo/Fast-FoundationStereo/data/surgical_stereo/scared_warped/dataset_1/keyframe_3/Right_rectified/frame_000007.png,stereo/Fast-FoundationStereo/data/surgical_stereo/scared_warped/dataset_1/keyframe_3/Reference_SCARED_Warped/DepthL_float32/frame_000007.npy,stereo/Fast-FoundationStereo/data/surgical_stereo/scared_warped/dataset_1/keyframe_3/Reference_SCARED_Warped/Disparity_float32/frame_000007.npy,stereo/Fast-FoundationStereo/data/surgical_stereo/scared_warped/dataset_1/keyframe_3/Reference_SCARED_Warped/ValidMask/frame_000007.npy,stereo/Fast-FoundationStereo/data/surgical_stereo/scared_warped/dataset_1/keyframe_3/Rectified_calibration/frame_000007.json,0.8346504211425781,69.84650421142578,101.66455078125,66.46312713623047,78.33261108398438,
dataset_1,keyframe_3,8,stereo/Fast-FoundationStereo/data/surgical_stereo/scared_warped/dataset_1/keyframe_3/Left_rectified/frame_000008.png,stereo/Fast-FoundationStereo/data/surgical_stereo/scared_warped/dataset_1/keyframe_3/Right_rectified/frame_000008.png,stereo/Fast-FoundationStereo/data/surgical_stereo/scared_warped/dataset_1/keyframe_3/Reference_SCARED_Warped/DepthL_float32/frame_000008.npy,stereo/Fast-FoundationStereo/data/surgical_stereo/scared_warped/dataset_1/keyframe_3/Reference_SCARED_Warped/Disparity_float32/frame_000008.npy,stereo/Fast-FoundationStereo/data/surgical_stereo/scared_warped/dataset_1/keyframe_3/Reference_SCARED_Warped/ValidMask/frame_000008.npy,stereo/Fast-FoundationStereo/data/surgical_stereo/scared_warped/dataset_1/keyframe_3/Rectified_calibration/frame_000008.json,0.8348236083984375,69.84274291992188,101.66157531738281,66.46671295166016,78.33382415771484,
dataset_1,keyframe_3,9,stereo/Fast-FoundationStereo/data/surgical_stereo/scared_warped/dataset_1/keyframe_3/Left_rectified/frame_000009.png,stereo/Fast-FoundationStereo/data/surgical_stereo/scared_warped/dataset_1/keyframe_3/Right_rectified/frame_000009.png,stereo/Fast-FoundationStereo/data/surgical_stereo/scared_warped/dataset_1/keyframe_3/Reference_SCARED_Warped/DepthL_float32/frame_000009.npy,stereo/Fast-FoundationStereo/data/surgical_stereo/scared_warped/dataset_1/keyframe_3/Reference_SCARED_Warped/Disparity_float32/frame_000009.npy,stereo/Fast-FoundationStereo/data/surgical_stereo/scared_warped/dataset_1/keyframe_3/Reference_SCARED_Warped/ValidMask/frame_000009.npy,stereo/Fast-FoundationStereo/data/surgical_stereo/scared_warped/dataset_1/keyframe_3/Rectified_calibration/frame_000009.json,0.8348503112792969,69.84211730957031,101.66209411621094,66.4673080444336,78.33534240722656,
dataset_1,keyframe_3,10,stereo/Fast-FoundationStereo/data/surgical_stereo/scared_warped/dataset_1/keyframe_3/Left_rectified/frame_000010.png,stereo/Fast-FoundationStereo/data/surgical_stereo/scared_warped/dataset_1/keyframe_3/Right_rectified/frame_000010.png,stereo/Fast-FoundationStereo/data/surgical_stereo/scared_warped/dataset_1/keyframe_3/Reference_SCARED_Warped/DepthL_float32/frame_000010.npy,stereo/Fast-FoundationStereo/data/surgical_stereo/scared_warped/dataset_1/keyframe_3/Reference_SCARED_Warped/Disparity_float32/frame_000010.npy,stereo/Fast-FoundationStereo/data/surgical_stereo/scared_warped/dataset_1/keyframe_3/Reference_SCARED_Warped/ValidMask/frame_000010.npy,stereo/Fast-FoundationStereo/data/surgical_stereo/scared_warped/dataset_1/keyframe_3/Rectified_calibration/frame_000010.json,0.8336944580078125,69.83782958984375,101.65764617919922,66.47138214111328,78.33878326416016,
dataset_5,keyframe_1,0,stereo/Fast-FoundationStereo/data/surgical_stereo/scared_warped/dataset_5/keyframe_1/Left_rectified/frame_000000.png,stereo/Fast-FoundationStereo/data/surgical_stereo/scared_warped/dataset_5/keyframe_1/Right_rectified/frame_000000.png,stereo/Fast-FoundationStereo/data/surgical_stereo/scared_warped/dataset_5/keyframe_1/Reference_SCARED_Warped/DepthL_float32/frame_000000.npy,stereo/Fast-FoundationStereo/data/surgical_stereo/scared_warped/dataset_5/keyframe_1/Reference_SCARED_Warped/Disparity_float32/frame_000000.npy,stereo/Fast-FoundationStereo/data/surgical_stereo/scared_warped/dataset_5/keyframe_1/Reference_SCARED_Warped/ValidMask/frame_000000.npy,stereo/Fast-FoundationStereo/data/surgical_stereo/scared_warped/dataset_5/keyframe_1/Rectified_calibration/frame_000000.json,0.6795280456542969,58.867218017578125,74.99850463867188,86.760498046875,164.23043823242188,
dataset_5,keyframe_1,1,stereo/Fast-FoundationStereo/data/surgical_stereo/scared_warped/dataset_5/keyframe_1/Left_rectified/frame_000001.png,stereo/Fast-FoundationStereo/data/surgical_stereo/scared_warped/dataset_5/keyframe_1/Right_rectified/frame_000001.png,stereo/Fast-FoundationStereo/data/surgical_stereo/scared_warped/dataset_5/keyframe_1/Reference_SCARED_Warped/DepthL_float32/frame_000001.npy,stereo/Fast-FoundationStereo/data/surgical_stereo/scared_warped/dataset_5/keyframe_1/Reference_SCARED_Warped/Disparity_float32/frame_000001.npy,stereo/Fast-FoundationStereo/data/surgical_stereo/scared_warped/dataset_5/keyframe_1/Reference_SCARED_Warped/ValidMask/frame_000001.npy,stereo/Fast-FoundationStereo/data/surgical_stereo/scared_warped/dataset_5/keyframe_1/Rectified_calibration/frame_000001.json,0.6721717834472656,58.67818069458008,74.82392120361328,87.04000091552734,165.28550720214844,
dataset_5,keyframe_1,2,stereo/Fast-FoundationStereo/data/surgical_stereo/scared_warped/dataset_5/keyframe_1/Left_rectified/frame_000002.png,stereo/Fast-FoundationStereo/data/surgical_stereo/scared_warped/dataset_5/keyframe_1/Right_rectified/frame_000002.png,stereo/Fast-FoundationStereo/data/surgical_stereo/scared_warped/dataset_5/keyframe_1/Reference_SCARED_Warped/DepthL_float32/frame_000002.npy,stereo/Fast-FoundationStereo/data/surgical_stereo/scared_warped/dataset_5/keyframe_1/Reference_SCARED_Warped/Disparity_float32/frame_000002.npy,stereo/Fast-FoundationStereo/data/surgical_stereo/scared_warped/dataset_5/keyframe_1/Reference_SCARED_Warped/ValidMask/frame_000002.npy,stereo/Fast-FoundationStereo/data/surgical_stereo/scared_warped/dataset_5/keyframe_1/Rectified_calibration/frame_000002.json,0.6683433532714844,58.558475494384766,74.74761962890625,87.21793365478516,166.31494140625,
dataset_5,keyframe_1,3,stereo/Fast-FoundationStereo/data/surgical_stereo/scared_warped/dataset_5/keyframe_1/Left_rectified/frame_000003.png,stereo/Fast-FoundationStereo/data/surgical_stereo/scared_warped/dataset_5/keyframe_1/Right_rectified/frame_000003.png,stereo/Fast-FoundationStereo/data/surgical_stereo/scared_warped/dataset_5/keyframe_1/Reference_SCARED_Warped/DepthL_float32/frame_000003.npy,stereo/Fast-FoundationStereo/data/surgical_stereo/scared_warped/dataset_5/keyframe_1/Reference_SCARED_Warped/Disparity_float32/frame_000003.npy,stereo/Fast-FoundationStereo/data/surgical_stereo/scared_warped/dataset_5/keyframe_1/Reference_SCARED_Warped/ValidMask/frame_000003.npy,stereo/Fast-FoundationStereo/data/surgical_stereo/scared_warped/dataset_5/keyframe_1/Rectified_calibration/frame_000003.json,0.6647163391113281,58.42335510253906,74.69418334960938,87.41964721679688,168.56993103027344,
dataset_5,keyframe_1,4,stereo/Fast-FoundationStereo/data/surgical_stereo/scared_warped/dataset_5/keyframe_1/Left_rectified/frame_000004.png,stereo/Fast-FoundationStereo/data/surgical_stereo/scared_warped/dataset_5/keyframe_1/Right_rectified/frame_000004.png,stereo/Fast-FoundationStereo/data/surgical_stereo/scared_warped/dataset_5/keyframe_1/Reference_SCARED_Warped/DepthL_float32/frame_000004.npy,stereo/Fast-FoundationStereo/data/surgical_stereo/scared_warped/dataset_5/keyframe_1/Reference_SCARED_Warped/Disparity_float32/frame_000004.npy,stereo/Fast-FoundationStereo/data/surgical_stereo/scared_warped/dataset_5/keyframe_1/Reference_SCARED_Warped/ValidMask/frame_000004.npy,stereo/Fast-FoundationStereo/data/surgical_stereo/scared_warped/dataset_5/keyframe_1/Rectified_calibration/frame_000004.json,0.6580764770507812,58.16942596435547,74.54499816894531,87.80126190185547,169.5567626953125,
dataset_5,keyframe_1,5,stereo/Fast-FoundationStereo/data/surgical_stereo/scared_warped/dataset_5/keyframe_1/Left_rectified/frame_000005.png,stereo/Fast-FoundationStereo/data/surgical_stereo/scared_warped/dataset_5/keyframe_1/Right_rectified/frame_000005.png,stereo/Fast-FoundationStereo/data/surgical_stereo/scared_warped/dataset_5/keyframe_1/Reference_SCARED_Warped/DepthL_float32/frame_000005.npy,stereo/Fast-FoundationStereo/data/surgical_stereo/scared_warped/dataset_5/keyframe_1/Reference_SCARED_Warped/Disparity_float32/frame_000005.npy,stereo/Fast-FoundationStereo/data/surgical_stereo/scared_warped/dataset_5/keyframe_1/Reference_SCARED_Warped/ValidMask/frame_000005.npy,stereo/Fast-FoundationStereo/data/surgical_stereo/scared_warped/dataset_5/keyframe_1/Rectified_calibration/frame_000005.json,0.6510604858398438,57.948272705078125,74.36715698242188,88.1363525390625,168.5242919921875,
dataset_5,keyframe_1,6,stereo/Fast-FoundationStereo/data/surgical_stereo/scared_warped/dataset_5/keyframe_1/Left_rectified/frame_000006.png,stereo/Fast-FoundationStereo/data/surgical_stereo/scared_warped/dataset_5/keyframe_1/Right_rectified/frame_000006.png,stereo/Fast-FoundationStereo/data/surgical_stereo/scared_warped/dataset_5/keyframe_1/Reference_SCARED_Warped/DepthL_float32/frame_000006.npy,stereo/Fast-FoundationStereo/data/surgical_stereo/scared_warped/dataset_5/keyframe_1/Reference_SCARED_Warped/Disparity_float32/frame_000006.npy,stereo/Fast-FoundationStereo/data/surgical_stereo/scared_warped/dataset_5/keyframe_1/Reference_SCARED_Warped/ValidMask/frame_000006.npy,stereo/Fast-FoundationStereo/data/surgical_stereo/scared_warped/dataset_5/keyframe_1/Rectified_calibration/frame_000006.json,0.6452827453613281,57.765079498291016,74.20770263671875,88.41585540771484,168.35496520996094,
dataset_5,keyframe_1,7,stereo/Fast-FoundationStereo/data/surgical_stereo/scared_warped/dataset_5/keyframe_1/Left_rectified/frame_000007.png,stereo/Fast-FoundationStereo/data/surgical_stereo/scared_warped/dataset_5/keyframe_1/Right_rectified/frame_000007.png,stereo/Fast-FoundationStereo/data/surgical_stereo/scared_warped/dataset_5/keyframe_1/Reference_SCARED_Warped/DepthL_float32/frame_000007.npy,stereo/Fast-FoundationStereo/data/surgical_stereo/scared_warped/dataset_5/keyframe_1/Reference_SCARED_Warped/Disparity_float32/frame_000007.npy,stereo/Fast-FoundationStereo/data/surgical_stereo/scared_warped/dataset_5/keyframe_1/Reference_SCARED_Warped/ValidMask/frame_000007.npy,stereo/Fast-FoundationStereo/data/surgical_stereo/scared_warped/dataset_5/keyframe_1/Rectified_calibration/frame_000007.json,0.63712158203125,57.82136917114258,74.1370849609375,88.32978820800781,165.517333984375,
dataset_5,keyframe_1,8,stereo/Fast-FoundationStereo/data/surgical_stereo/scared_warped/dataset_5/keyframe_1/Left_rectified/frame_000008.png,stereo/Fast-FoundationStereo/data/surgical_stereo/scared_warped/dataset_5/keyframe_1/Right_rectified/frame_000008.png,stereo/Fast-FoundationStereo/data/surgical_stereo/scared_warped/dataset_5/keyframe_1/Reference_SCARED_Warped/DepthL_float32/frame_000008.npy,stereo/Fast-FoundationStereo/data/surgical_stereo/scared_warped/dataset_5/keyframe_1/Reference_SCARED_Warped/Disparity_float32/frame_000008.npy,stereo/Fast-FoundationStereo/data/surgical_stereo/scared_warped/dataset_5/keyframe_1/Reference_SCARED_Warped/ValidMask/frame_000008.npy,stereo/Fast-FoundationStereo/data/surgical_stereo/scared_warped/dataset_5/keyframe_1/Rectified_calibration/frame_000008.json,0.6294548034667968,57.982418060302734,74.15235137939453,88.08444213867188,160.99253845214844,
dataset_5,keyframe_1,9,stereo/Fast-FoundationStereo/data/surgical_stereo/scared_warped/dataset_5/keyframe_1/Left_rectified/frame_000009.png,stereo/Fast-FoundationStereo/data/surgical_stereo/scared_warped/dataset_5/keyframe_1/Right_rectified/frame_000009.png,stereo/Fast-FoundationStereo/data/surgical_stereo/scared_warped/dataset_5/keyframe_1/Reference_SCARED_Warped/DepthL_float32/frame_000009.npy,stereo/Fast-FoundationStereo/data/surgical_stereo/scared_warped/dataset_5/keyframe_1/Reference_SCARED_Warped/Disparity_float32/frame_000009.npy,stereo/Fast-FoundationStereo/data/surgical_stereo/scared_warped/dataset_5/keyframe_1/Reference_SCARED_Warped/ValidMask/frame_000009.npy,stereo/Fast-FoundationStereo/data/surgical_stereo/scared_warped/dataset_5/keyframe_1/Rectified_calibration/frame_000009.json,0.6228408813476562,58.01179504394531,74.15894317626953,88.03984069824219,156.40338134765625,
dataset_5,keyframe_1,10,stereo/Fast-FoundationStereo/data/surgical_stereo/scared_warped/dataset_5/keyframe_1/Left_rectified/frame_000010.png,stereo/Fast-FoundationStereo/data/surgical_stereo/scared_warped/dataset_5/keyframe_1/Right_rectified/frame_000010.png,stereo/Fast-FoundationStereo/data/surgical_stereo/scared_warped/dataset_5/keyframe_1/Reference_SCARED_Warped/DepthL_float32/frame_000010.npy,stereo/Fast-FoundationStereo/data/surgical_stereo/scared_warped/dataset_5/keyframe_1/Reference_SCARED_Warped/Disparity_float32/frame_000010.npy,stereo/Fast-FoundationStereo/data/surgical_stereo/scared_warped/dataset_5/keyframe_1/Reference_SCARED_Warped/ValidMask/frame_000010.npy,stereo/Fast-FoundationStereo/data/surgical_stereo/scared_warped/dataset_5/keyframe_1/Rectified_calibration/frame_000010.json,0.6204368591308593,58.0202522277832,74.15059661865234,88.02700805664062,152.99380493164062,
dataset_5,keyframe_2,0,stereo/Fast-FoundationStereo/data/surgical_stereo/scared_warped/dataset_5/keyframe_2/Left_rectified/frame_000000.png,stereo/Fast-FoundationStereo/data/surgical_stereo/scared_warped/dataset_5/keyframe_2/Right_rectified/frame_000000.png,stereo/Fast-FoundationStereo/data/surgical_stereo/scared_warped/dataset_5/keyframe_2/Reference_SCARED_Warped/DepthL_float32/frame_000000.npy,stereo/Fast-FoundationStereo/data/surgical_stereo/scared_warped/dataset_5/keyframe_2/Reference_SCARED_Warped/Disparity_float32/frame_000000.npy,stereo/Fast-FoundationStereo/data/surgical_stereo/scared_warped/dataset_5/keyframe_2/Reference_SCARED_Warped/ValidMask/frame_000000.npy,stereo/Fast-FoundationStereo/data/surgical_stereo/scared_warped/dataset_5/keyframe_2/Rectified_calibration/frame_000000.json,0.5411338806152344,43.0676155090332,56.91949462890625,118.5890884399414,203.22279357910156,
dataset_5,keyframe_2,1,stereo/Fast-FoundationStereo/data/surgical_stereo/scared_warped/dataset_5/keyframe_2/Left_rectified/frame_000001.png,stereo/Fast-FoundationStereo/data/surgical_stereo/scared_warped/dataset_5/keyframe_2/Right_rectified/frame_000001.png,stereo/Fast-FoundationStereo/data/surgical_stereo/scared_warped/dataset_5/keyframe_2/Reference_SCARED_Warped/DepthL_float32/frame_000001.npy,stereo/Fast-FoundationStereo/data/surgical_stereo/scared_warped/dataset_5/keyframe_2/Reference_SCARED_Warped/Disparity_float32/frame_000001.npy,stereo/Fast-FoundationStereo/data/surgical_stereo/scared_warped/dataset_5/keyframe_2/Reference_SCARED_Warped/ValidMask/frame_000001.npy,stereo/Fast-FoundationStereo/data/surgical_stereo/scared_warped/dataset_5/keyframe_2/Rectified_calibration/frame_000001.json,0.535546875,43.051822662353516,56.86014175415039,118.6325912475586,203.02186584472656,
dataset_5,keyframe_2,2,stereo/Fast-FoundationStereo/data/surgical_stereo/scared_warped/dataset_5/keyframe_2/Left_rectified/frame_000002.png,stereo/Fast-FoundationStereo/data/surgical_stereo/scared_warped/dataset_5/keyframe_2/Right_rectified/frame_000002.png,stereo/Fast-FoundationStereo/data/surgical_stereo/scared_warped/dataset_5/keyframe_2/Reference_SCARED_Warped/DepthL_float32/frame_000002.npy,stereo/Fast-FoundationStereo/data/surgical_stereo/scared_warped/dataset_5/keyframe_2/Reference_SCARED_Warped/Disparity_float32/frame_000002.npy,stereo/Fast-FoundationStereo/data/surgical_stereo/scared_warped/dataset_5/keyframe_2/Reference_SCARED_Warped/ValidMask/frame_000002.npy,stereo/Fast-FoundationStereo/data/surgical_stereo/scared_warped/dataset_5/keyframe_2/Rectified_calibration/frame_000002.json,0.5290626525878906,43.01532745361328,56.84324264526367,118.73323822021484,202.7954864501953,
dataset_5,keyframe_2,3,stereo/Fast-FoundationStereo/data/surgical_stereo/scared_warped/dataset_5/keyframe_2/Left_rectified/frame_000003.png,stereo/Fast-FoundationStereo/data/surgical_stereo/scared_warped/dataset_5/keyframe_2/Right_rectified/frame_000003.png,stereo/Fast-FoundationStereo/data/surgical_stereo/scared_warped/dataset_5/keyframe_2/Reference_SCARED_Warped/DepthL_float32/frame_000003.npy,stereo/Fast-FoundationStereo/data/surgical_stereo/scared_warped/dataset_5/keyframe_2/Reference_SCARED_Warped/Disparity_float32/frame_000003.npy,stereo/Fast-FoundationStereo/data/surgical_stereo/scared_warped/dataset_5/keyframe_2/Reference_SCARED_Warped/ValidMask/frame_000003.npy,stereo/Fast-FoundationStereo/data/surgical_stereo/scared_warped/dataset_5/keyframe_2/Rectified_calibration/frame_000003.json,0.5198127746582031,42.97720718383789,56.81507873535156,118.83855438232422,202.21905517578125,
dataset_5,keyframe_2,4,stereo/Fast-FoundationStereo/data/surgical_stereo/scared_warped/dataset_5/keyframe_2/Left_rectified/frame_000004.png,stereo/Fast-FoundationStereo/data/surgical_stereo/scared_warped/dataset_5/keyframe_2/Right_rectified/frame_000004.png,stereo/Fast-FoundationStereo/data/surgical_stereo/scared_warped/dataset_5/keyframe_2/Reference_SCARED_Warped/DepthL_float32/frame_000004.npy,stereo/Fast-FoundationStereo/data/surgical_stereo/scared_warped/dataset_5/keyframe_2/Reference_SCARED_Warped/Disparity_float32/frame_000004.npy,stereo/Fast-FoundationStereo/data/surgical_stereo/scared_warped/dataset_5/keyframe_2/Reference_SCARED_Warped/ValidMask/frame_000004.npy,stereo/Fast-FoundationStereo/data/surgical_stereo/scared_warped/dataset_5/keyframe_2/Rectified_calibration/frame_000004.json,0.5108718872070312,42.945335388183594,56.80583190917969,118.92675018310547,201.87689208984375,
dataset_5,keyframe_2,5,stereo/Fast-FoundationStereo/data/surgical_stereo/scared_warped/dataset_5/keyframe_2/Left_rectified/frame_000005.png,stereo/Fast-FoundationStereo/data/surgical_stereo/scared_warped/dataset_5/keyframe_2/Right_rectified/frame_000005.png,stereo/Fast-FoundationStereo/data/surgical_stereo/scared_warped/dataset_5/keyframe_2/Reference_SCARED_Warped/DepthL_float32/frame_000005.npy,stereo/Fast-FoundationStereo/data/surgical_stereo/scared_warped/dataset_5/keyframe_2/Reference_SCARED_Warped/Disparity_float32/frame_000005.npy,stereo/Fast-FoundationStereo/data/surgical_stereo/scared_warped/dataset_5/keyframe_2/Reference_SCARED_Warped/ValidMask/frame_000005.npy,stereo/Fast-FoundationStereo/data/surgical_stereo/scared_warped/dataset_5/keyframe_2/Rectified_calibration/frame_000005.json,0.50003662109375,42.99173355102539,56.805450439453125,118.79840087890625,201.5485076904297,
dataset_5,keyframe_2,6,stereo/Fast-FoundationStereo/data/surgical_stereo/scared_warped/dataset_5/keyframe_2/Left_rectified/frame_000006.png,stereo/Fast-FoundationStereo/data/surgical_stereo/scared_warped/dataset_5/keyframe_2/Right_rectified/frame_000006.png,stereo/Fast-FoundationStereo/data/surgical_stereo/scared_warped/dataset_5/keyframe_2/Reference_SCARED_Warped/DepthL_float32/frame_000006.npy,stereo/Fast-FoundationStereo/data/surgical_stereo/scared_warped/dataset_5/keyframe_2/Reference_SCARED_Warped/Disparity_float32/frame_000006.npy,stereo/Fast-FoundationStereo/data/surgical_stereo/scared_warped/dataset_5/keyframe_2/Reference_SCARED_Warped/ValidMask/frame_000006.npy,stereo/Fast-FoundationStereo/data/surgical_stereo/scared_warped/dataset_5/keyframe_2/Rectified_calibration/frame_000006.json,0.491064453125,42.9893684387207,56.805908203125,118.804931640625,201.2954559326172,
dataset_5,keyframe_2,7,stereo/Fast-FoundationStereo/data/surgical_stereo/scared_warped/dataset_5/keyframe_2/Left_rectified/frame_000007.png,stereo/Fast-FoundationStereo/data/surgical_stereo/scared_warped/dataset_5/keyframe_2/Right_rectified/frame_000007.png,stereo/Fast-FoundationStereo/data/surgical_stereo/scared_warped/dataset_5/keyframe_2/Reference_SCARED_Warped/DepthL_float32/frame_000007.npy,stereo/Fast-FoundationStereo/data/surgical_stereo/scared_warped/dataset_5/keyframe_2/Reference_SCARED_Warped/Disparity_float32/frame_000007.npy,stereo/Fast-FoundationStereo/data/surgical_stereo/scared_warped/dataset_5/keyframe_2/Reference_SCARED_Warped/ValidMask/frame_000007.npy,stereo/Fast-FoundationStereo/data/surgical_stereo/scared_warped/dataset_5/keyframe_2/Rectified_calibration/frame_000007.json,0.486163330078125,42.99890899658203,56.802406311035156,118.778564453125,200.9886474609375,
dataset_5,keyframe_2,8,stereo/Fast-FoundationStereo/data/surgical_stereo/scared_warped/dataset_5/keyframe_2/Left_rectified/frame_000008.png,stereo/Fast-FoundationStereo/data/surgical_stereo/scared_warped/dataset_5/keyframe_2/Right_rectified/frame_000008.png,stereo/Fast-FoundationStereo/data/surgical_stereo/scared_warped/dataset_5/keyframe_2/Reference_SCARED_Warped/DepthL_float32/frame_000008.npy,stereo/Fast-FoundationStereo/data/surgical_stereo/scared_warped/dataset_5/keyframe_2/Reference_SCARED_Warped/Disparity_float32/frame_000008.npy,stereo/Fast-FoundationStereo/data/surgical_stereo/scared_warped/dataset_5/keyframe_2/Reference_SCARED_Warped/ValidMask/frame_000008.npy,stereo/Fast-FoundationStereo/data/surgical_stereo/scared_warped/dataset_5/keyframe_2/Rectified_calibration/frame_000008.json,0.4778533935546875,43.03943634033203,56.83472442626953,118.66673278808594,200.36749267578125,
dataset_5,keyframe_2,9,stereo/Fast-FoundationStereo/data/surgical_stereo/scared_warped/dataset_5/keyframe_2/Left_rectified/frame_000009.png,stereo/Fast-FoundationStereo/data/surgical_stereo/scared_warped/dataset_5/keyframe_2/Right_rectified/frame_000009.png,stereo/Fast-FoundationStereo/data/surgical_stereo/scared_warped/dataset_5/keyframe_2/Reference_SCARED_Warped/DepthL_float32/frame_000009.npy,stereo/Fast-FoundationStereo/data/surgical_stereo/scared_warped/dataset_5/keyframe_2/Reference_SCARED_Warped/Disparity_float32/frame_000009.npy,stereo/Fast-FoundationStereo/data/surgical_stereo/scared_warped/dataset_5/keyframe_2/Reference_SCARED_Warped/ValidMask/frame_000009.npy,stereo/Fast-FoundationStereo/data/surgical_stereo/scared_warped/dataset_5/keyframe_2/Rectified_calibration/frame_000009.json,0.4728401184082031,43.062339782714844,56.841007232666016,118.6036148071289,200.13218688964844,
dataset_5,keyframe_2,10,stereo/Fast-FoundationStereo/data/surgical_stereo/scared_warped/dataset_5/keyframe_2/Left_rectified/frame_000010.png,stereo/Fast-FoundationStereo/data/surgical_stereo/scared_warped/dataset_5/keyframe_2/Right_rectified/frame_000010.png,stereo/Fast-FoundationStereo/data/surgical_stereo/scared_warped/dataset_5/keyframe_2/Reference_SCARED_Warped/DepthL_float32/frame_000010.npy,stereo/Fast-FoundationStereo/data/surgical_stereo/scared_warped/dataset_5/keyframe_2/Reference_SCARED_Warped/Disparity_float32/frame_000010.npy,stereo/Fast-FoundationStereo/data/surgical_stereo/scared_warped/dataset_5/keyframe_2/Reference_SCARED_Warped/ValidMask/frame_000010.npy,stereo/Fast-FoundationStereo/data/surgical_stereo/scared_warped/dataset_5/keyframe_2/Rectified_calibration/frame_000010.json,0.467718505859375,43.08961486816406,57.127376556396484,118.52853393554688,199.46498107910156,
dataset_5,keyframe_3,0,stereo/Fast-FoundationStereo/data/surgical_stereo/scared_warped/dataset_5/keyframe_3/Left_rectified/frame_000000.png,stereo/Fast-FoundationStereo/data/surgical_stereo/scared_warped/dataset_5/keyframe_3/Right_rectified/frame_000000.png,stereo/Fast-FoundationStereo/data/surgical_stereo/scared_warped/dataset_5/keyframe_3/Reference_SCARED_Warped/DepthL_float32/frame_000000.npy,stereo/Fast-FoundationStereo/data/surgical_stereo/scared_warped/dataset_5/keyframe_3/Reference_SCARED_Warped/Disparity_float32/frame_000000.npy,stereo/Fast-FoundationStereo/data/surgical_stereo/scared_warped/dataset_5/keyframe_3/Reference_SCARED_Warped/ValidMask/frame_000000.npy,stereo/Fast-FoundationStereo/data/surgical_stereo/scared_warped/dataset_5/keyframe_3/Rectified_calibration/frame_000000.json,0.6551078796386719,48.834712982177734,55.967681884765625,104.58439636230469,208.4894256591797,
dataset_5,keyframe_3,1,stereo/Fast-FoundationStereo/data/surgical_stereo/scared_warped/dataset_5/keyframe_3/Left_rectified/frame_000001.png,stereo/Fast-FoundationStereo/data/surgical_stereo/scared_warped/dataset_5/keyframe_3/Right_rectified/frame_000001.png,stereo/Fast-FoundationStereo/data/surgical_stereo/scared_warped/dataset_5/keyframe_3/Reference_SCARED_Warped/DepthL_float32/frame_000001.npy,stereo/Fast-FoundationStereo/data/surgical_stereo/scared_warped/dataset_5/keyframe_3/Reference_SCARED_Warped/Disparity_float32/frame_000001.npy,stereo/Fast-FoundationStereo/data/surgical_stereo/scared_warped/dataset_5/keyframe_3/Reference_SCARED_Warped/ValidMask/frame_000001.npy,stereo/Fast-FoundationStereo/data/surgical_stereo/scared_warped/dataset_5/keyframe_3/Rectified_calibration/frame_000001.json,0.6539314270019532,48.893802642822266,56.02243423461914,104.4580078125,208.02394104003906,
dataset_5,keyframe_3,2,stereo/Fast-FoundationStereo/data/surgical_stereo/scared_warped/dataset_5/keyframe_3/Left_rectified/frame_000002.png,stereo/Fast-FoundationStereo/data/surgical_stereo/scared_warped/dataset_5/keyframe_3/Right_rectified/frame_000002.png,stereo/Fast-FoundationStereo/data/surgical_stereo/scared_warped/dataset_5/keyframe_3/Reference_SCARED_Warped/DepthL_float32/frame_000002.npy,stereo/Fast-FoundationStereo/data/surgical_stereo/scared_warped/dataset_5/keyframe_3/Reference_SCARED_Warped/Disparity_float32/frame_000002.npy,stereo/Fast-FoundationStereo/data/surgical_stereo/scared_warped/dataset_5/keyframe_3/Reference_SCARED_Warped/ValidMask/frame_000002.npy,stereo/Fast-FoundationStereo/data/surgical_stereo/scared_warped/dataset_5/keyframe_3/Rectified_calibration/frame_000002.json,0.6550514221191406,48.83139419555664,56.28363800048828,104.59150695800781,205.53494262695312,
dataset_5,keyframe_3,3,stereo/Fast-FoundationStereo/data/surgical_stereo/scared_warped/dataset_5/keyframe_3/Left_rectified/frame_000003.png,stereo/Fast-FoundationStereo/data/surgical_stereo/scared_warped/dataset_5/keyframe_3/Right_rectified/frame_000003.png,stereo/Fast-FoundationStereo/data/surgical_stereo/scared_warped/dataset_5/keyframe_3/Reference_SCARED_Warped/DepthL_float32/frame_000003.npy,stereo/Fast-FoundationStereo/data/surgical_stereo/scared_warped/dataset_5/keyframe_3/Reference_SCARED_Warped/Disparity_float32/frame_000003.npy,stereo/Fast-FoundationStereo/data/surgical_stereo/scared_warped/dataset_5/keyframe_3/Reference_SCARED_Warped/ValidMask/frame_000003.npy,stereo/Fast-FoundationStereo/data/surgical_stereo/scared_warped/dataset_5/keyframe_3/Rectified_calibration/frame_000003.json,0.6517372131347656,49.05954360961914,56.52757263183594,104.10511016845703,203.33470153808594,
dataset_5,keyframe_3,4,stereo/Fast-FoundationStereo/data/surgical_stereo/scared_warped/dataset_5/keyframe_3/Left_rectified/frame_000004.png,stereo/Fast-FoundationStereo/data/surgical_stereo/scared_warped/dataset_5/keyframe_3/Right_rectified/frame_000004.png,stereo/Fast-FoundationStereo/data/surgical_stereo/scared_warped/dataset_5/keyframe_3/Reference_SCARED_Warped/DepthL_float32/frame_000004.npy,stereo/Fast-FoundationStereo/data/surgical_stereo/scared_warped/dataset_5/keyframe_3/Reference_SCARED_Warped/Disparity_float32/frame_000004.npy,stereo/Fast-FoundationStereo/data/surgical_stereo/scared_warped/dataset_5/keyframe_3/Reference_SCARED_Warped/ValidMask/frame_000004.npy,stereo/Fast-FoundationStereo/data/surgical_stereo/scared_warped/dataset_5/keyframe_3/Rectified_calibration/frame_000004.json,0.6454948425292969,49.3779411315918,56.828006744384766,103.43382263183594,200.62078857421875,
dataset_5,keyframe_3,5,stereo/Fast-FoundationStereo/data/surgical_stereo/scared_warped/dataset_5/keyframe_3/Left_rectified/frame_000005.png,stereo/Fast-FoundationStereo/data/surgical_stereo/scared_warped/dataset_5/keyframe_3/Right_rectified/frame_000005.png,stereo/Fast-FoundationStereo/data/surgical_stereo/scared_warped/dataset_5/keyframe_3/Reference_SCARED_Warped/DepthL_float32/frame_000005.npy,stereo/Fast-FoundationStereo/data/surgical_stereo/scared_warped/dataset_5/keyframe_3/Reference_SCARED_Warped/Disparity_float32/frame_000005.npy,stereo/Fast-FoundationStereo/data/surgical_stereo/scared_warped/dataset_5/keyframe_3/Reference_SCARED_Warped/ValidMask/frame_000005.npy,stereo/Fast-FoundationStereo/data/surgical_stereo/scared_warped/dataset_5/keyframe_3/Rectified_calibration/frame_000005.json,0.6369049072265625,49.75818634033203,57.18745040893555,102.64340209960938,196.70851135253906,
dataset_5,keyframe_3,6,stereo/Fast-FoundationStereo/data/surgical_stereo/scared_warped/dataset_5/keyframe_3/Left_rectified/frame_000006.png,stereo/Fast-FoundationStereo/data/surgical_stereo/scared_warped/dataset_5/keyframe_3/Right_rectified/frame_000006.png,stereo/Fast-FoundationStereo/data/surgical_stereo/scared_warped/dataset_5/keyframe_3/Reference_SCARED_Warped/DepthL_float32/frame_000006.npy,stereo/Fast-FoundationStereo/data/surgical_stereo/scared_warped/dataset_5/keyframe_3/Reference_SCARED_Warped/Disparity_float32/frame_000006.npy,stereo/Fast-FoundationStereo/data/surgical_stereo/scared_warped/dataset_5/keyframe_3/Reference_SCARED_Warped/ValidMask/frame_000006.npy,stereo/Fast-FoundationStereo/data/surgical_stereo/scared_warped/dataset_5/keyframe_3/Rectified_calibration/frame_000006.json,0.6262435913085938,50.16889190673828,57.55272674560547,101.8031005859375,192.89068603515625,
dataset_5,keyframe_3,7,stereo/Fast-FoundationStereo/data/surgical_stereo/scared_warped/dataset_5/keyframe_3/Left_rectified/frame_000007.png,stereo/Fast-FoundationStereo/data/surgical_stereo/scared_warped/dataset_5/keyframe_3/Right_rectified/frame_000007.png,stereo/Fast-FoundationStereo/data/surgical_stereo/scared_warped/dataset_5/keyframe_3/Reference_SCARED_Warped/DepthL_float32/frame_000007.npy,stereo/Fast-FoundationStereo/data/surgical_stereo/scared_warped/dataset_5/keyframe_3/Reference_SCARED_Warped/Disparity_float32/frame_000007.npy,stereo/Fast-FoundationStereo/data/surgical_stereo/scared_warped/dataset_5/keyframe_3/Reference_SCARED_Warped/ValidMask/frame_000007.npy,stereo/Fast-FoundationStereo/data/surgical_stereo/scared_warped/dataset_5/keyframe_3/Rectified_calibration/frame_000007.json,0.617108154296875,50.5819091796875,57.91400146484375,100.97185516357422,189.2700653076172,
dataset_5,keyframe_3,8,stereo/Fast-FoundationStereo/data/surgical_stereo/scared_warped/dataset_5/keyframe_3/Left_rectified/frame_000008.png,stereo/Fast-FoundationStereo/data/surgical_stereo/scared_warped/dataset_5/keyframe_3/Right_rectified/frame_000008.png,stereo/Fast-FoundationStereo/data/surgical_stereo/scared_warped/dataset_5/keyframe_3/Reference_SCARED_Warped/DepthL_float32/frame_000008.npy,stereo/Fast-FoundationStereo/data/surgical_stereo/scared_warped/dataset_5/keyframe_3/Reference_SCARED_Warped/Disparity_float32/frame_000008.npy,stereo/Fast-FoundationStereo/data/surgical_stereo/scared_warped/dataset_5/keyframe_3/Reference_SCARED_Warped/ValidMask/frame_000008.npy,stereo/Fast-FoundationStereo/data/surgical_stereo/scared_warped/dataset_5/keyframe_3/Rectified_calibration/frame_000008.json,0.6068252563476563,50.97165298461914,58.26708984375,100.19979095458984,186.42897033691406,
dataset_5,keyframe_3,9,stereo/Fast-FoundationStereo/data/surgical_stereo/scared_warped/dataset_5/keyframe_3/Left_rectified/frame_000009.png,stereo/Fast-FoundationStereo/data/surgical_stereo/scared_warped/dataset_5/keyframe_3/Right_rectified/frame_000009.png,stereo/Fast-FoundationStereo/data/surgical_stereo/scared_warped/dataset_5/keyframe_3/Reference_SCARED_Warped/DepthL_float32/frame_000009.npy,stereo/Fast-FoundationStereo/data/surgical_stereo/scared_warped/dataset_5/keyframe_3/Reference_SCARED_Warped/Disparity_float32/frame_000009.npy,stereo/Fast-FoundationStereo/data/surgical_stereo/scared_warped/dataset_5/keyframe_3/Reference_SCARED_Warped/ValidMask/frame_000009.npy,stereo/Fast-FoundationStereo/data/surgical_stereo/scared_warped/dataset_5/keyframe_3/Rectified_calibration/frame_000009.json,0.5960006713867188,51.325836181640625,58.58072280883789,99.50834655761719,183.3363037109375,
dataset_5,keyframe_3,10,stereo/Fast-FoundationStereo/data/surgical_stereo/scared_warped/dataset_5/keyframe_3/Left_rectified/frame_000010.png,stereo/Fast-FoundationStereo/data/surgical_stereo/scared_warped/dataset_5/keyframe_3/Right_rectified/frame_000010.png,stereo/Fast-FoundationStereo/data/surgical_stereo/scared_warped/dataset_5/keyframe_3/Reference_SCARED_Warped/DepthL_float32/frame_000010.npy,stereo/Fast-FoundationStereo/data/surgical_stereo/scared_warped/dataset_5/keyframe_3/Reference_SCARED_Warped/Disparity_float32/frame_000010.npy,stereo/Fast-FoundationStereo/data/surgical_stereo/scared_warped/dataset_5/keyframe_3/Reference_SCARED_Warped/ValidMask/frame_000010.npy,stereo/Fast-FoundationStereo/data/surgical_stereo/scared_warped/dataset_5/keyframe_3/Rectified_calibration/frame_000010.json,0.5849037170410156,51.64155197143555,58.85951614379883,98.89999389648438,180.76905822753906,
dataset_8,keyframe_0,0,stereo/Fast-FoundationStereo/data/surgical_stereo/scared_warped/dataset_8/keyframe_0/Left_rectified/frame_000000.png,stereo/Fast-FoundationStereo/data/surgical_stereo/scared_warped/dataset_8/keyframe_0/Right_rectified/frame_000000.png,stereo/Fast-FoundationStereo/data/surgical_stereo/scared_warped/dataset_8/keyframe_0/Reference_SCARED_Warped/DepthL_float32/frame_000000.npy,stereo/Fast-FoundationStereo/data/surgical_stereo/scared_warped/dataset_8/keyframe_0/Reference_SCARED_Warped/Disparity_float32/frame_000000.npy,stereo/Fast-FoundationStereo/data/surgical_stereo/scared_warped/dataset_8/keyframe_0/Reference_SCARED_Warped/ValidMask/frame_000000.npy,stereo/Fast-FoundationStereo/data/surgical_stereo/scared_warped/dataset_8/keyframe_0/Rectified_calibration/frame_000000.json,0.7788810729980469,112.41744995117188,131.8599090576172,43.04443359375,49.468589782714844,
dataset_8,keyframe_0,1,stereo/Fast-FoundationStereo/data/surgical_stereo/scared_warped/dataset_8/keyframe_0/Left_rectified/frame_000001.png,stereo/Fast-FoundationStereo/data/surgical_stereo/scared_warped/dataset_8/keyframe_0/Right_rectified/frame_000001.png,stereo/Fast-FoundationStereo/data/surgical_stereo/scared_warped/dataset_8/keyframe_0/Reference_SCARED_Warped/DepthL_float32/frame_000001.npy,stereo/Fast-FoundationStereo/data/surgical_stereo/scared_warped/dataset_8/keyframe_0/Reference_SCARED_Warped/Disparity_float32/frame_000001.npy,stereo/Fast-FoundationStereo/data/surgical_stereo/scared_warped/dataset_8/keyframe_0/Reference_SCARED_Warped/ValidMask/frame_000001.npy,stereo/Fast-FoundationStereo/data/surgical_stereo/scared_warped/dataset_8/keyframe_0/Rectified_calibration/frame_000001.json,0.7775894165039062,112.35116577148438,131.7938995361328,43.06982421875,49.51939010620117,
dataset_8,keyframe_0,2,stereo/Fast-FoundationStereo/data/surgical_stereo/scared_warped/dataset_8/keyframe_0/Left_rectified/frame_000002.png,stereo/Fast-FoundationStereo/data/surgical_stereo/scared_warped/dataset_8/keyframe_0/Right_rectified/frame_000002.png,stereo/Fast-FoundationStereo/data/surgical_stereo/scared_warped/dataset_8/keyframe_0/Reference_SCARED_Warped/DepthL_float32/frame_000002.npy,stereo/Fast-FoundationStereo/data/surgical_stereo/scared_warped/dataset_8/keyframe_0/Reference_SCARED_Warped/Disparity_float32/frame_000002.npy,stereo/Fast-FoundationStereo/data/surgical_stereo/scared_warped/dataset_8/keyframe_0/Reference_SCARED_Warped/ValidMask/frame_000002.npy,stereo/Fast-FoundationStereo/data/surgical_stereo/scared_warped/dataset_8/keyframe_0/Rectified_calibration/frame_000002.json,0.77418212890625,112.37875366210938,131.76458740234375,43.05925750732422,49.574893951416016,
dataset_8,keyframe_0,3,stereo/Fast-FoundationStereo/data/surgical_stereo/scared_warped/dataset_8/keyframe_0/Left_rectified/frame_000003.png,stereo/Fast-FoundationStereo/data/surgical_stereo/scared_warped/dataset_8/keyframe_0/Right_rectified/frame_000003.png,stereo/Fast-FoundationStereo/data/surgical_stereo/scared_warped/dataset_8/keyframe_0/Reference_SCARED_Warped/DepthL_float32/frame_000003.npy,stereo/Fast-FoundationStereo/data/surgical_stereo/scared_warped/dataset_8/keyframe_0/Reference_SCARED_Warped/Disparity_float32/frame_000003.npy,stereo/Fast-FoundationStereo/data/surgical_stereo/scared_warped/dataset_8/keyframe_0/Reference_SCARED_Warped/ValidMask/frame_000003.npy,stereo/Fast-FoundationStereo/data/surgical_stereo/scared_warped/dataset_8/keyframe_0/Rectified_calibration/frame_000003.json,0.7718589782714844,112.38375854492188,131.77577209472656,43.057334899902344,49.6114616394043,
dataset_8,keyframe_0,4,stereo/Fast-FoundationStereo/data/surgical_stereo/scared_warped/dataset_8/keyframe_0/Left_rectified/frame_000004.png,stereo/Fast-FoundationStereo/data/surgical_stereo/scared_warped/dataset_8/keyframe_0/Right_rectified/frame_000004.png,stereo/Fast-FoundationStereo/data/surgical_stereo/scared_warped/dataset_8/keyframe_0/Reference_SCARED_Warped/DepthL_float32/frame_000004.npy,stereo/Fast-FoundationStereo/data/surgical_stereo/scared_warped/dataset_8/keyframe_0/Reference_SCARED_Warped/Disparity_float32/frame_000004.npy,stereo/Fast-FoundationStereo/data/surgical_stereo/scared_warped/dataset_8/keyframe_0/Reference_SCARED_Warped/ValidMask/frame_000004.npy,stereo/Fast-FoundationStereo/data/surgical_stereo/scared_warped/dataset_8/keyframe_0/Rectified_calibration/frame_000004.json,0.7704574584960937,112.35842895507812,131.7274932861328,43.067039489746094,49.68429183959961,
dataset_8,keyframe_0,5,stereo/Fast-FoundationStereo/data/surgical_stereo/scared_warped/dataset_8/keyframe_0/Left_rectified/frame_000005.png,stereo/Fast-FoundationStereo/data/surgical_stereo/scared_warped/dataset_8/keyframe_0/Right_rectified/frame_000005.png,stereo/Fast-FoundationStereo/data/surgical_stereo/scared_warped/dataset_8/keyframe_0/Reference_SCARED_Warped/DepthL_float32/frame_000005.npy,stereo/Fast-FoundationStereo/data/surgical_stereo/scared_warped/dataset_8/keyframe_0/Reference_SCARED_Warped/Disparity_float32/frame_000005.npy,stereo/Fast-FoundationStereo/data/surgical_stereo/scared_warped/dataset_8/keyframe_0/Reference_SCARED_Warped/ValidMask/frame_000005.npy,stereo/Fast-FoundationStereo/data/surgical_stereo/scared_warped/dataset_8/keyframe_0/Rectified_calibration/frame_000005.json,0.7622261047363281,112.48455047607422,131.66815185546875,43.01875305175781,49.72687911987305,
dataset_8,keyframe_0,6,stereo/Fast-FoundationStereo/data/surgical_stereo/scared_warped/dataset_8/keyframe_0/Left_rectified/frame_000006.png,stereo/Fast-FoundationStereo/data/surgical_stereo/scared_warped/dataset_8/keyframe_0/Right_rectified/frame_000006.png,stereo/Fast-FoundationStereo/data/surgical_stereo/scared_warped/dataset_8/keyframe_0/Reference_SCARED_Warped/DepthL_float32/frame_000006.npy,stereo/Fast-FoundationStereo/data/surgical_stereo/scared_warped/dataset_8/keyframe_0/Reference_SCARED_Warped/Disparity_float32/frame_000006.npy,stereo/Fast-FoundationStereo/data/surgical_stereo/scared_warped/dataset_8/keyframe_0/Reference_SCARED_Warped/ValidMask/frame_000006.npy,stereo/Fast-FoundationStereo/data/surgical_stereo/scared_warped/dataset_8/keyframe_0/Rectified_calibration/frame_000006.json,0.7561027526855468,112.52806091308594,131.55068969726562,43.00212097167969,49.58003234863281,
dataset_8,keyframe_0,7,stereo/Fast-FoundationStereo/data/surgical_stereo/scared_warped/dataset_8/keyframe_0/Left_rectified/frame_000007.png,stereo/Fast-FoundationStereo/data/surgical_stereo/scared_warped/dataset_8/keyframe_0/Right_rectified/frame_000007.png,stereo/Fast-FoundationStereo/data/surgical_stereo/scared_warped/dataset_8/keyframe_0/Reference_SCARED_Warped/DepthL_float32/frame_000007.npy,stereo/Fast-FoundationStereo/data/surgical_stereo/scared_warped/dataset_8/keyframe_0/Reference_SCARED_Warped/Disparity_float32/frame_000007.npy,stereo/Fast-FoundationStereo/data/surgical_stereo/scared_warped/dataset_8/keyframe_0/Reference_SCARED_Warped/ValidMask/frame_000007.npy,stereo/Fast-FoundationStereo/data/surgical_stereo/scared_warped/dataset_8/keyframe_0/Rectified_calibration/frame_000007.json,0.7491256713867187,112.62267303466797,131.40835571289062,42.96599578857422,49.33402633666992,
dataset_8,keyframe_0,8,stereo/Fast-FoundationStereo/data/surgical_stereo/scared_warped/dataset_8/keyframe_0/Left_rectified/frame_000008.png,stereo/Fast-FoundationStereo/data/surgical_stereo/scared_warped/dataset_8/keyframe_0/Right_rectified/frame_000008.png,stereo/Fast-FoundationStereo/data/surgical_stereo/scared_warped/dataset_8/keyframe_0/Reference_SCARED_Warped/DepthL_float32/frame_000008.npy,stereo/Fast-FoundationStereo/data/surgical_stereo/scared_warped/dataset_8/keyframe_0/Reference_SCARED_Warped/Disparity_float32/frame_000008.npy,stereo/Fast-FoundationStereo/data/surgical_stereo/scared_warped/dataset_8/keyframe_0/Reference_SCARED_Warped/ValidMask/frame_000008.npy,stereo/Fast-FoundationStereo/data/surgical_stereo/scared_warped/dataset_8/keyframe_0/Rectified_calibration/frame_000008.json,0.7414443969726563,112.72482299804688,131.2071075439453,42.927059173583984,49.28460693359375,
dataset_8,keyframe_0,9,stereo/Fast-FoundationStereo/data/surgical_stereo/scared_warped/dataset_8/keyframe_0/Left_rectified/frame_000009.png,stereo/Fast-FoundationStereo/data/surgical_stereo/scared_warped/dataset_8/keyframe_0/Right_rectified/frame_000009.png,stereo/Fast-FoundationStereo/data/surgical_stereo/scared_warped/dataset_8/keyframe_0/Reference_SCARED_Warped/DepthL_float32/frame_000009.npy,stereo/Fast-FoundationStereo/data/surgical_stereo/scared_warped/dataset_8/keyframe_0/Reference_SCARED_Warped/Disparity_float32/frame_000009.npy,stereo/Fast-FoundationStereo/data/surgical_stereo/scared_warped/dataset_8/keyframe_0/Reference_SCARED_Warped/ValidMask/frame_000009.npy,stereo/Fast-FoundationStereo/data/surgical_stereo/scared_warped/dataset_8/keyframe_0/Rectified_calibration/frame_000009.json,0.7327392578125,112.89815521240234,131.0217742919922,42.86115264892578,49.350711822509766,
dataset_8,keyframe_0,10,stereo/Fast-FoundationStereo/data/surgical_stereo/scared_warped/dataset_8/keyframe_0/Left_rectified/frame_000010.png,stereo/Fast-FoundationStereo/data/surgical_stereo/scared_warped/dataset_8/keyframe_0/Right_rectified/frame_000010.png,stereo/Fast-FoundationStereo/data/surgical_stereo/scared_warped/dataset_8/keyframe_0/Reference_SCARED_Warped/DepthL_float32/frame_000010.npy,stereo/Fast-FoundationStereo/data/surgical_stereo/scared_warped/dataset_8/keyframe_0/Reference_SCARED_Warped/Disparity_float32/frame_000010.npy,stereo/Fast-FoundationStereo/data/surgical_stereo/scared_warped/dataset_8/keyframe_0/Reference_SCARED_Warped/ValidMask/frame_000010.npy,stereo/Fast-FoundationStereo/data/surgical_stereo/scared_warped/dataset_8/keyframe_0/Rectified_calibration/frame_000010.json,0.7236686706542969,113.09993743896484,130.84161376953125,42.78468704223633,49.472389221191406,
dataset_8,keyframe_1,0,stereo/Fast-FoundationStereo/data/surgical_stereo/scared_warped/dataset_8/keyframe_1/Left_rectified/frame_000000.png,stereo/Fast-FoundationStereo/data/surgical_stereo/scared_warped/dataset_8/keyframe_1/Right_rectified/frame_000000.png,stereo/Fast-FoundationStereo/data/surgical_stereo/scared_warped/dataset_8/keyframe_1/Reference_SCARED_Warped/DepthL_float32/frame_000000.npy,stereo/Fast-FoundationStereo/data/surgical_stereo/scared_warped/dataset_8/keyframe_1/Reference_SCARED_Warped/Disparity_float32/frame_000000.npy,stereo/Fast-FoundationStereo/data/surgical_stereo/scared_warped/dataset_8/keyframe_1/Reference_SCARED_Warped/ValidMask/frame_000000.npy,stereo/Fast-FoundationStereo/data/surgical_stereo/scared_warped/dataset_8/keyframe_1/Rectified_calibration/frame_000000.json,0.8042182922363281,75.59110260009766,85.61112976074219,64.0147476196289,82.98602294921875,
dataset_8,keyframe_1,1,stereo/Fast-FoundationStereo/data/surgical_stereo/scared_warped/dataset_8/keyframe_1/Left_rectified/frame_000001.png,stereo/Fast-FoundationStereo/data/surgical_stereo/scared_warped/dataset_8/keyframe_1/Right_rectified/frame_000001.png,stereo/Fast-FoundationStereo/data/surgical_stereo/scared_warped/dataset_8/keyframe_1/Reference_SCARED_Warped/DepthL_float32/frame_000001.npy,stereo/Fast-FoundationStereo/data/surgical_stereo/scared_warped/dataset_8/keyframe_1/Reference_SCARED_Warped/Disparity_float32/frame_000001.npy,stereo/Fast-FoundationStereo/data/surgical_stereo/scared_warped/dataset_8/keyframe_1/Reference_SCARED_Warped/ValidMask/frame_000001.npy,stereo/Fast-FoundationStereo/data/surgical_stereo/scared_warped/dataset_8/keyframe_1/Rectified_calibration/frame_000001.json,0.7880897521972656,75.4993667602539,85.4412841796875,64.092529296875,82.33088684082031,
dataset_8,keyframe_1,2,stereo/Fast-FoundationStereo/data/surgical_stereo/scared_warped/dataset_8/keyframe_1/Left_rectified/frame_000002.png,stereo/Fast-FoundationStereo/data/surgical_stereo/scared_warped/dataset_8/keyframe_1/Right_rectified/frame_000002.png,stereo/Fast-FoundationStereo/data/surgical_stereo/scared_warped/dataset_8/keyframe_1/Reference_SCARED_Warped/DepthL_float32/frame_000002.npy,stereo/Fast-FoundationStereo/data/surgical_stereo/scared_warped/dataset_8/keyframe_1/Reference_SCARED_Warped/Disparity_float32/frame_000002.npy,stereo/Fast-FoundationStereo/data/surgical_stereo/scared_warped/dataset_8/keyframe_1/Reference_SCARED_Warped/ValidMask/frame_000002.npy,stereo/Fast-FoundationStereo/data/surgical_stereo/scared_warped/dataset_8/keyframe_1/Rectified_calibration/frame_000002.json,0.7745758056640625,75.4278335571289,85.30074310302734,64.15331268310547,82.55995178222656,
dataset_8,keyframe_1,3,stereo/Fast-FoundationStereo/data/surgical_stereo/scared_warped/dataset_8/keyframe_1/Left_rectified/frame_000003.png,stereo/Fast-FoundationStereo/data/surgical_stereo/scared_warped/dataset_8/keyframe_1/Right_rectified/frame_000003.png,stereo/Fast-FoundationStereo/data/surgical_stereo/scared_warped/dataset_8/keyframe_1/Reference_SCARED_Warped/DepthL_float32/frame_000003.npy,stereo/Fast-FoundationStereo/data/surgical_stereo/scared_warped/dataset_8/keyframe_1/Reference_SCARED_Warped/Disparity_float32/frame_000003.npy,stereo/Fast-FoundationStereo/data/surgical_stereo/scared_warped/dataset_8/keyframe_1/Reference_SCARED_Warped/ValidMask/frame_000003.npy,stereo/Fast-FoundationStereo/data/surgical_stereo/scared_warped/dataset_8/keyframe_1/Rectified_calibration/frame_000003.json,0.76513671875,75.48763275146484,85.23247528076172,64.10249328613281,81.7428970336914,
dataset_8,keyframe_1,4,stereo/Fast-FoundationStereo/data/surgical_stereo/scared_warped/dataset_8/keyframe_1/Left_rectified/frame_000004.png,stereo/Fast-FoundationStereo/data/surgical_stereo/scared_warped/dataset_8/keyframe_1/Right_rectified/frame_000004.png,stereo/Fast-FoundationStereo/data/surgical_stereo/scared_warped/dataset_8/keyframe_1/Reference_SCARED_Warped/DepthL_float32/frame_000004.npy,stereo/Fast-FoundationStereo/data/surgical_stereo/scared_warped/dataset_8/keyframe_1/Reference_SCARED_Warped/Disparity_float32/frame_000004.npy,stereo/Fast-FoundationStereo/data/surgical_stereo/scared_warped/dataset_8/keyframe_1/Reference_SCARED_Warped/ValidMask/frame_000004.npy,stereo/Fast-FoundationStereo/data/surgical_stereo/scared_warped/dataset_8/keyframe_1/Rectified_calibration/frame_000004.json,0.7513572692871093,75.44965362548828,85.08177185058594,64.13475799560547,81.9351577758789,
dataset_8,keyframe_1,5,stereo/Fast-FoundationStereo/data/surgical_stereo/scared_warped/dataset_8/keyframe_1/Left_rectified/frame_000005.png,stereo/Fast-FoundationStereo/data/surgical_stereo/scared_warped/dataset_8/keyframe_1/Right_rectified/frame_000005.png,stereo/Fast-FoundationStereo/data/surgical_stereo/scared_warped/dataset_8/keyframe_1/Reference_SCARED_Warped/DepthL_float32/frame_000005.npy,stereo/Fast-FoundationStereo/data/surgical_stereo/scared_warped/dataset_8/keyframe_1/Reference_SCARED_Warped/Disparity_float32/frame_000005.npy,stereo/Fast-FoundationStereo/data/surgical_stereo/scared_warped/dataset_8/keyframe_1/Reference_SCARED_Warped/ValidMask/frame_000005.npy,stereo/Fast-FoundationStereo/data/surgical_stereo/scared_warped/dataset_8/keyframe_1/Rectified_calibration/frame_000005.json,0.7442146301269531,75.3774185180664,84.89262390136719,64.19622039794922,82.23934173583984,
dataset_8,keyframe_1,6,stereo/Fast-FoundationStereo/data/surgical_stereo/scared_warped/dataset_8/keyframe_1/Left_rectified/frame_000006.png,stereo/Fast-FoundationStereo/data/surgical_stereo/scared_warped/dataset_8/keyframe_1/Right_rectified/frame_000006.png,stereo/Fast-FoundationStereo/data/surgical_stereo/scared_warped/dataset_8/keyframe_1/Reference_SCARED_Warped/DepthL_float32/frame_000006.npy,stereo/Fast-FoundationStereo/data/surgical_stereo/scared_warped/dataset_8/keyframe_1/Reference_SCARED_Warped/Disparity_float32/frame_000006.npy,stereo/Fast-FoundationStereo/data/surgical_stereo/scared_warped/dataset_8/keyframe_1/Reference_SCARED_Warped/ValidMask/frame_000006.npy,stereo/Fast-FoundationStereo/data/surgical_stereo/scared_warped/dataset_8/keyframe_1/Rectified_calibration/frame_000006.json,0.7328620910644531,75.14506530761719,84.63554382324219,64.39472198486328,81.60286712646484,
dataset_8,keyframe_1,7,stereo/Fast-FoundationStereo/data/surgical_stereo/scared_warped/dataset_8/keyframe_1/Left_rectified/frame_000007.png,stereo/Fast-FoundationStereo/data/surgical_stereo/scared_warped/dataset_8/keyframe_1/Right_rectified/frame_000007.png,stereo/Fast-FoundationStereo/data/surgical_stereo/scared_warped/dataset_8/keyframe_1/Reference_SCARED_Warped/DepthL_float32/frame_000007.npy,stereo/Fast-FoundationStereo/data/surgical_stereo/scared_warped/dataset_8/keyframe_1/Reference_SCARED_Warped/Disparity_float32/frame_000007.npy,stereo/Fast-FoundationStereo/data/surgical_stereo/scared_warped/dataset_8/keyframe_1/Reference_SCARED_Warped/ValidMask/frame_000007.npy,stereo/Fast-FoundationStereo/data/surgical_stereo/scared_warped/dataset_8/keyframe_1/Rectified_calibration/frame_000007.json,0.72427978515625,74.87214660644531,84.36853790283203,64.62944793701172,81.00657653808594,
dataset_8,keyframe_1,8,stereo/Fast-FoundationStereo/data/surgical_stereo/scared_warped/dataset_8/keyframe_1/Left_rectified/frame_000008.png,stereo/Fast-FoundationStereo/data/surgical_stereo/scared_warped/dataset_8/keyframe_1/Right_rectified/frame_000008.png,stereo/Fast-FoundationStereo/data/surgical_stereo/scared_warped/dataset_8/keyframe_1/Reference_SCARED_Warped/DepthL_float32/frame_000008.npy,stereo/Fast-FoundationStereo/data/surgical_stereo/scared_warped/dataset_8/keyframe_1/Reference_SCARED_Warped/Disparity_float32/frame_000008.npy,stereo/Fast-FoundationStereo/data/surgical_stereo/scared_warped/dataset_8/keyframe_1/Reference_SCARED_Warped/ValidMask/frame_000008.npy,stereo/Fast-FoundationStereo/data/surgical_stereo/scared_warped/dataset_8/keyframe_1/Rectified_calibration/frame_000008.json,0.7182868957519531,74.63654327392578,84.14164733886719,64.83345794677734,81.22924041748047,
dataset_8,keyframe_1,9,stereo/Fast-FoundationStereo/data/surgical_stereo/scared_warped/dataset_8/keyframe_1/Left_rectified/frame_000009.png,stereo/Fast-FoundationStereo/data/surgical_stereo/scared_warped/dataset_8/keyframe_1/Right_rectified/frame_000009.png,stereo/Fast-FoundationStereo/data/surgical_stereo/scared_warped/dataset_8/keyframe_1/Reference_SCARED_Warped/DepthL_float32/frame_000009.npy,stereo/Fast-FoundationStereo/data/surgical_stereo/scared_warped/dataset_8/keyframe_1/Reference_SCARED_Warped/Disparity_float32/frame_000009.npy,stereo/Fast-FoundationStereo/data/surgical_stereo/scared_warped/dataset_8/keyframe_1/Reference_SCARED_Warped/ValidMask/frame_000009.npy,stereo/Fast-FoundationStereo/data/surgical_stereo/scared_warped/dataset_8/keyframe_1/Rectified_calibration/frame_000009.json,0.7123756408691406,74.43073272705078,83.94075012207031,65.01273345947266,81.46893310546875,
dataset_8,keyframe_1,10,stereo/Fast-FoundationStereo/data/surgical_stereo/scared_warped/dataset_8/keyframe_1/Left_rectified/frame_000010.png,stereo/Fast-FoundationStereo/data/surgical_stereo/scared_warped/dataset_8/keyframe_1/Right_rectified/frame_000010.png,stereo/Fast-FoundationStereo/data/surgical_stereo/scared_warped/dataset_8/keyframe_1/Reference_SCARED_Warped/DepthL_float32/frame_000010.npy,stereo/Fast-FoundationStereo/data/surgical_stereo/scared_warped/dataset_8/keyframe_1/Reference_SCARED_Warped/Disparity_float32/frame_000010.npy,stereo/Fast-FoundationStereo/data/surgical_stereo/scared_warped/dataset_8/keyframe_1/Reference_SCARED_Warped/ValidMask/frame_000010.npy,stereo/Fast-FoundationStereo/data/surgical_stereo/scared_warped/dataset_8/keyframe_1/Rectified_calibration/frame_000010.json,0.7063697814941406,74.17732238769531,83.68746948242188,65.23483276367188,80.87432861328125,
dataset_8,keyframe_2,0,stereo/Fast-FoundationStereo/data/surgical_stereo/scared_warped/dataset_8/keyframe_2/Left_rectified/frame_000000.png,stereo/Fast-FoundationStereo/data/surgical_stereo/scared_warped/dataset_8/keyframe_2/Right_rectified/frame_000000.png,stereo/Fast-FoundationStereo/data/surgical_stereo/scared_warped/dataset_8/keyframe_2/Reference_SCARED_Warped/DepthL_float32/frame_000000.npy,stereo/Fast-FoundationStereo/data/surgical_stereo/scared_warped/dataset_8/keyframe_2/Reference_SCARED_Warped/Disparity_float32/frame_000000.npy,stereo/Fast-FoundationStereo/data/surgical_stereo/scared_warped/dataset_8/keyframe_2/Reference_SCARED_Warped/ValidMask/frame_000000.npy,stereo/Fast-FoundationStereo/data/surgical_stereo/scared_warped/dataset_8/keyframe_2/Rectified_calibration/frame_000000.json,0.7355560302734375,55.83405303955078,63.06368637084961,86.66655731201172,96.34122467041016,
dataset_8,keyframe_2,1,stereo/Fast-FoundationStereo/data/surgical_stereo/scared_warped/dataset_8/keyframe_2/Left_rectified/frame_000001.png,stereo/Fast-FoundationStereo/data/surgical_stereo/scared_warped/dataset_8/keyframe_2/Right_rectified/frame_000001.png,stereo/Fast-FoundationStereo/data/surgical_stereo/scared_warped/dataset_8/keyframe_2/Reference_SCARED_Warped/DepthL_float32/frame_000001.npy,stereo/Fast-FoundationStereo/data/surgical_stereo/scared_warped/dataset_8/keyframe_2/Reference_SCARED_Warped/Disparity_float32/frame_000001.npy,stereo/Fast-FoundationStereo/data/surgical_stereo/scared_warped/dataset_8/keyframe_2/Reference_SCARED_Warped/ValidMask/frame_000001.npy,stereo/Fast-FoundationStereo/data/surgical_stereo/scared_warped/dataset_8/keyframe_2/Rectified_calibration/frame_000001.json,0.7281494140625,55.96983337402344,63.23165512084961,86.45631408691406,96.01536560058594,
dataset_8,keyframe_2,2,stereo/Fast-FoundationStereo/data/surgical_stereo/scared_warped/dataset_8/keyframe_2/Left_rectified/frame_000002.png,stereo/Fast-FoundationStereo/data/surgical_stereo/scared_warped/dataset_8/keyframe_2/Right_rectified/frame_000002.png,stereo/Fast-FoundationStereo/data/surgical_stereo/scared_warped/dataset_8/keyframe_2/Reference_SCARED_Warped/DepthL_float32/frame_000002.npy,stereo/Fast-FoundationStereo/data/surgical_stereo/scared_warped/dataset_8/keyframe_2/Reference_SCARED_Warped/Disparity_float32/frame_000002.npy,stereo/Fast-FoundationStereo/data/surgical_stereo/scared_warped/dataset_8/keyframe_2/Reference_SCARED_Warped/ValidMask/frame_000002.npy,stereo/Fast-FoundationStereo/data/surgical_stereo/scared_warped/dataset_8/keyframe_2/Rectified_calibration/frame_000002.json,0.7241584777832031,56.20075988769531,63.503726959228516,86.10106658935547,95.5452880859375,
dataset_8,keyframe_2,3,stereo/Fast-FoundationStereo/data/surgical_stereo/scared_warped/dataset_8/keyframe_2/Left_rectified/frame_000003.png,stereo/Fast-FoundationStereo/data/surgical_stereo/scared_warped/dataset_8/keyframe_2/Right_rectified/frame_000003.png,stereo/Fast-FoundationStereo/data/surgical_stereo/scared_warped/dataset_8/keyframe_2/Reference_SCARED_Warped/DepthL_float32/frame_000003.npy,stereo/Fast-FoundationStereo/data/surgical_stereo/scared_warped/dataset_8/keyframe_2/Reference_SCARED_Warped/Disparity_float32/frame_000003.npy,stereo/Fast-FoundationStereo/data/surgical_stereo/scared_warped/dataset_8/keyframe_2/Reference_SCARED_Warped/ValidMask/frame_000003.npy,stereo/Fast-FoundationStereo/data/surgical_stereo/scared_warped/dataset_8/keyframe_2/Rectified_calibration/frame_000003.json,0.7154098510742187,56.38560485839844,63.7363166809082,85.81880950927734,95.15606689453125,
dataset_8,keyframe_2,4,stereo/Fast-FoundationStereo/data/surgical_stereo/scared_warped/dataset_8/keyframe_2/Left_rectified/frame_000004.png,stereo/Fast-FoundationStereo/data/surgical_stereo/scared_warped/dataset_8/keyframe_2/Right_rectified/frame_000004.png,stereo/Fast-FoundationStereo/data/surgical_stereo/scared_warped/dataset_8/keyframe_2/Reference_SCARED_Warped/DepthL_float32/frame_000004.npy,stereo/Fast-FoundationStereo/data/surgical_stereo/scared_warped/dataset_8/keyframe_2/Reference_SCARED_Warped/Disparity_float32/frame_000004.npy,stereo/Fast-FoundationStereo/data/surgical_stereo/scared_warped/dataset_8/keyframe_2/Reference_SCARED_Warped/ValidMask/frame_000004.npy,stereo/Fast-FoundationStereo/data/surgical_stereo/scared_warped/dataset_8/keyframe_2/Rectified_calibration/frame_000004.json,0.7059707641601562,56.45222091674805,63.857704162597656,85.71753692626953,94.99677276611328,
dataset_8,keyframe_2,5,stereo/Fast-FoundationStereo/data/surgical_stereo/scared_warped/dataset_8/keyframe_2/Left_rectified/frame_000005.png,stereo/Fast-FoundationStereo/data/surgical_stereo/scared_warped/dataset_8/keyframe_2/Right_rectified/frame_000005.png,stereo/Fast-FoundationStereo/data/surgical_stereo/scared_warped/dataset_8/keyframe_2/Reference_SCARED_Warped/DepthL_float32/frame_000005.npy,stereo/Fast-FoundationStereo/data/surgical_stereo/scared_warped/dataset_8/keyframe_2/Reference_SCARED_Warped/Disparity_float32/frame_000005.npy,stereo/Fast-FoundationStereo/data/surgical_stereo/scared_warped/dataset_8/keyframe_2/Reference_SCARED_Warped/ValidMask/frame_000005.npy,stereo/Fast-FoundationStereo/data/surgical_stereo/scared_warped/dataset_8/keyframe_2/Rectified_calibration/frame_000005.json,0.6946182250976562,56.44878387451172,63.90205001831055,85.7227554321289,94.96324920654297,
dataset_8,keyframe_2,6,stereo/Fast-FoundationStereo/data/surgical_stereo/scared_warped/dataset_8/keyframe_2/Left_rectified/frame_000006.png,stereo/Fast-FoundationStereo/data/surgical_stereo/scared_warped/dataset_8/keyframe_2/Right_rectified/frame_000006.png,stereo/Fast-FoundationStereo/data/surgical_stereo/scared_warped/dataset_8/keyframe_2/Reference_SCARED_Warped/DepthL_float32/frame_000006.npy,stereo/Fast-FoundationStereo/data/surgical_stereo/scared_warped/dataset_8/keyframe_2/Reference_SCARED_Warped/Disparity_float32/frame_000006.npy,stereo/Fast-FoundationStereo/data/surgical_stereo/scared_warped/dataset_8/keyframe_2/Reference_SCARED_Warped/ValidMask/frame_000006.npy,stereo/Fast-FoundationStereo/data/surgical_stereo/scared_warped/dataset_8/keyframe_2/Rectified_calibration/frame_000006.json,0.6854698181152343,56.426963806152344,63.904781341552734,85.75590515136719,94.98217010498047,
dataset_8,keyframe_2,7,stereo/Fast-FoundationStereo/data/surgical_stereo/scared_warped/dataset_8/keyframe_2/Left_rectified/frame_000007.png,stereo/Fast-FoundationStereo/data/surgical_stereo/scared_warped/dataset_8/keyframe_2/Right_rectified/frame_000007.png,stereo/Fast-FoundationStereo/data/surgical_stereo/scared_warped/dataset_8/keyframe_2/Reference_SCARED_Warped/DepthL_float32/frame_000007.npy,stereo/Fast-FoundationStereo/data/surgical_stereo/scared_warped/dataset_8/keyframe_2/Reference_SCARED_Warped/Disparity_float32/frame_000007.npy,stereo/Fast-FoundationStereo/data/surgical_stereo/scared_warped/dataset_8/keyframe_2/Reference_SCARED_Warped/ValidMask/frame_000007.npy,stereo/Fast-FoundationStereo/data/surgical_stereo/scared_warped/dataset_8/keyframe_2/Rectified_calibration/frame_000007.json,0.674267578125,56.358909606933594,63.847103118896484,85.85945892333984,95.07624816894531,
dataset_8,keyframe_2,8,stereo/Fast-FoundationStereo/data/surgical_stereo/scared_warped/dataset_8/keyframe_2/Left_rectified/frame_000008.png,stereo/Fast-FoundationStereo/data/surgical_stereo/scared_warped/dataset_8/keyframe_2/Right_rectified/frame_000008.png,stereo/Fast-FoundationStereo/data/surgical_stereo/scared_warped/dataset_8/keyframe_2/Reference_SCARED_Warped/DepthL_float32/frame_000008.npy,stereo/Fast-FoundationStereo/data/surgical_stereo/scared_warped/dataset_8/keyframe_2/Reference_SCARED_Warped/Disparity_float32/frame_000008.npy,stereo/Fast-FoundationStereo/data/surgical_stereo/scared_warped/dataset_8/keyframe_2/Reference_SCARED_Warped/ValidMask/frame_000008.npy,stereo/Fast-FoundationStereo/data/surgical_stereo/scared_warped/dataset_8/keyframe_2/Rectified_calibration/frame_000008.json,0.6653053283691406,56.170806884765625,63.65169143676758,86.14698028564453,95.41446685791016,
dataset_8,keyframe_2,9,stereo/Fast-FoundationStereo/data/surgical_stereo/scared_warped/dataset_8/keyframe_2/Left_rectified/frame_000009.png,stereo/Fast-FoundationStereo/data/surgical_stereo/scared_warped/dataset_8/keyframe_2/Right_rectified/frame_000009.png,stereo/Fast-FoundationStereo/data/surgical_stereo/scared_warped/dataset_8/keyframe_2/Reference_SCARED_Warped/DepthL_float32/frame_000009.npy,stereo/Fast-FoundationStereo/data/surgical_stereo/scared_warped/dataset_8/keyframe_2/Reference_SCARED_Warped/Disparity_float32/frame_000009.npy,stereo/Fast-FoundationStereo/data/surgical_stereo/scared_warped/dataset_8/keyframe_2/Reference_SCARED_Warped/ValidMask/frame_000009.npy,stereo/Fast-FoundationStereo/data/surgical_stereo/scared_warped/dataset_8/keyframe_2/Rectified_calibration/frame_000009.json,0.656781005859375,56.009613037109375,63.46201705932617,86.39491271972656,95.71898651123047,
dataset_8,keyframe_2,10,stereo/Fast-FoundationStereo/data/surgical_stereo/scared_warped/dataset_8/keyframe_2/Left_rectified/frame_000010.png,stereo/Fast-FoundationStereo/data/surgical_stereo/scared_warped/dataset_8/keyframe_2/Right_rectified/frame_000010.png,stereo/Fast-FoundationStereo/data/surgical_stereo/scared_warped/dataset_8/keyframe_2/Reference_SCARED_Warped/DepthL_float32/frame_000010.npy,stereo/Fast-FoundationStereo/data/surgical_stereo/scared_warped/dataset_8/keyframe_2/Reference_SCARED_Warped/Disparity_float32/frame_000010.npy,stereo/Fast-FoundationStereo/data/surgical_stereo/scared_warped/dataset_8/keyframe_2/Reference_SCARED_Warped/ValidMask/frame_000010.npy,stereo/Fast-FoundationStereo/data/surgical_stereo/scared_warped/dataset_8/keyframe_2/Rectified_calibration/frame_000010.json,0.6485237121582031,55.8316764831543,63.25439453125,86.67024993896484,96.05245971679688,
